CREATE TABLE CLIENTE (
ID_CLIENTE	  INT PRIMARY KEY,
NOMBRE		    VARCHAR2(50),
APELLIDO	    VARCHAR2(50),
DIRECCION	    VARCHAR2(500),
TELEFONO      INT,
CORREO        VARCHAR2(100)
);

DROP TABLE CLIENTE;

insert into CLIENTE (ID_CLIENTE, NOMBRE, APELLIDO, DIRECCION, TELEFONO, CORREO) values (1, 'Creighton', 'Gilliver', '2 Dottie Alley', 1234, 'cgilliver0@ehow.com');
insert into CLIENTE (ID_CLIENTE, NOMBRE, APELLIDO, DIRECCION, TELEFONO, CORREO) values (2, 'Loralyn', 'Bernaldez', '365 Evergreen Alley', 12345, 'lbernaldez1@un.org');
insert into CLIENTE (ID_CLIENTE, NOMBRE, APELLIDO, DIRECCION, TELEFONO, CORREO) values (3, 'Portia', 'Tordiffe', '22319 Columbus Court', 123456, 'ptordiffe2@indiegogo.com');
insert into CLIENTE (ID_CLIENTE, NOMBRE, APELLIDO, DIRECCION, TELEFONO, CORREO) values (4, 'Meriel', 'Le Blond', '6009 Hauk Lane', 1234567, 'mleblond3@indiatimes.com');

CREATE TABLE ARTICULO (
ID_ARTICULO	      INT PRIMARY KEY,
NOMBRE		        VARCHAR2(50),
PRECIO		        INT,
INVENTARIO	      INT,
TIPO_CERVEZA	    VARCHAR2(50)
);

DROP TABLE ARTICULO;

insert into ARTICULO (ID_ARTICULO, NOMBRE, PRECIO, INVENTARIO, TIPO_CERVEZA) values (5, 'PILSEN', 800, 63, 'ALE');
insert into ARTICULO (ID_ARTICULO, NOMBRE, PRECIO, INVENTARIO, TIPO_CERVEZA) values (6, 'IMPERIAL', 500, 45, 'LAGER');
insert into ARTICULO (ID_ARTICULO, NOMBRE, PRECIO, INVENTARIO, TIPO_CERVEZA) values (7, 'SMIRNOFF', 1000, 73,'ALE');
insert into ARTICULO (ID_ARTICULO, NOMBRE, PRECIO, INVENTARIO, TIPO_CERVEZA) values (8, 'FOUR LOKO', 3000, 82,'LAGER');

CREATE TABLE TIENDA(
ID_TIENDA	      INT PRIMARY KEY,
PROVINCIA	      VARCHAR2(50),
CANTON		      VARCHAR2(50),
NOMBRE_TIENDA	  VARCHAR2(50)
);


DROP TABLE TIENDA;

insert into TIENDA (ID_TIENDA, PROVINCIA, CANTON, NOMBRE_TIENDA) values (9, 'SAN JOSE', 'ESCAZU', 'CERVECERIA FIDE');
insert into TIENDA (ID_TIENDA, PROVINCIA, CANTON, NOMBRE_TIENDA) values (10, 'SAN JOSE', 'CURRIDABAT', 'CERVECERIA FIDE');

CREATE TABLE ORDEN(
ID_ORDEN	        INT PRIMARY KEY,
FECHA		          DATE,
CANTIDAD		      INT,
FORMA_DE_PAGO     VARCHAR2(50)
);

DROP TABLE ORDEN;

insert into ORDEN (ID_ORDEN, FECHA, CANTIDAD, FORMA_DE_PAGO) values (11, TO_DATE('2018/06/20', 'yyyy/mm/dd '), 10, 'EFECTIVO');
insert into ORDEN (ID_ORDEN, FECHA, CANTIDAD, FORMA_DE_PAGO) values (12, TO_DATE('2019/07/03', 'yyyy/mm/dd '), 9, 'EFECTIVO');
insert into ORDEN (ID_ORDEN, FECHA, CANTIDAD, FORMA_DE_PAGO) values (13, TO_DATE('2019/08/06', 'yyyy/mm/dd '), 8, 'TARJETA');
insert into ORDEN (ID_ORDEN, FECHA, CANTIDAD, FORMA_DE_PAGO) values (14, TO_DATE('2018/09/09', 'yyyy/mm/dd '), 5, 'TARJETA');
insert into ORDEN (ID_ORDEN, FECHA, CANTIDAD, FORMA_DE_PAGO) values (15, TO_DATE('2017/03/09', 'yyyy/mm/dd '), 5, 'TARJETA');

CREATE TABLE PROVEEDOR(
ID_PROVEEDOR		    INT PRIMARY KEY,
NOMBRE_PROVEEDOR	  VARCHAR2(50),
CEDULA			        INT
);

DROP TABLE PROVEEDOR;

insert into PROVEEDOR (ID_PROVEEDOR, NOMBRE_PROVEEDOR, CEDULA) values (15, 'Schmitt Inc', 92234);
insert into PROVEEDOR (ID_PROVEEDOR, NOMBRE_PROVEEDOR, CEDULA) values (16, 'Fay, Quigley and Berge', 97983);
insert into PROVEEDOR (ID_PROVEEDOR, NOMBRE_PROVEEDOR, CEDULA) values (17, 'Shanahan Inc', 0606);
insert into PROVEEDOR (ID_PROVEEDOR, NOMBRE_PROVEEDOR, CEDULA) values (18, 'Pollich, Turcotte and Greenfelder', 16291);

CREATE TABLE VENTAS(
ID_VENTAS	      INT PRIMARY KEY,
ID_CLIENTE	    INT,
ID_ARTICULO   	INT,
ID_TIENDA	      INT,
ID_ORDEN	      INT,
ID_PROVEEDOR	  INT,
TOTAL		        INT,
FECHA           DATE,
CANTIDAD        INT,
CONSTRAINT FK_CLI
  FOREIGN KEY (ID_CLIENTE)   REFERENCES CLIENTE(ID_CLIENTE),
CONSTRAINT FK_ART
  FOREIGN KEY (ID_ARTICULO)  REFERENCES ARTICULO(ID_ARTICULO), 
CONSTRAINT FK_TIENDA
  FOREIGN KEY (ID_TIENDA)    REFERENCES TIENDA(ID_TIENDA),
CONSTRAINT FK_ORD
  FOREIGN KEY (ID_ORDEN)     REFERENCES ORDEN(ID_ORDEN), 
CONSTRAINT FK_PROV
  FOREIGN KEY (ID_PROVEEDOR) REFERENCES PROVEEDOR(ID_PROVEEDOR) 
);

DROP TABLE VENTAS;
                        --ID_V CLI ART T OR  PR  TOT ESCAZU 9 CURRI 10
INSERT INTO VENTAS VALUES (100, 1, 5, 9, 11, 15, 5000, TO_DATE('2019/06/20', 'yyyy/mm/dd '), 10);
INSERT INTO VENTAS VALUES (101, 2, 6, 10, 12, 16, 1000, TO_DATE('2019/06/21', 'yyyy/mm/dd '), 9);
INSERT INTO VENTAS VALUES (102, 3, 7, 9, 13, 17, 7000, TO_DATE('2019/10/22', 'yyyy/mm/dd '), 8);
INSERT INTO VENTAS VALUES (103, 4, 8, 10, 14, 18, 76000, TO_DATE('2018/04/23', 'yyyy/mm/dd '), 5);

COMMIT;




