CREATE TABLE CLIENTE (
ID_CLIENTE	  INT PRIMARY KEY,
NOMBRE		    VARCHAR2(50),
APELLIDO	    VARCHAR2(50),
DIRECCION	    VARCHAR2(500),
TELEFONO      VARCHAR2(50),
CORREO        VARCHAR2(100)
);

DROP TABLE CLIENTE;

insert into CLIENTE (ID_CLIENTE, NOMBRE, APELLIDO, DIRECCION, TELEFONO, EMAIL) values (1, 'Marcelline', 'Labell', '32 Esch Plaza', '4022488222', 'mlabell0@istockphoto.com');
insert into CLIENTE (ID_CLIENTE, NOMBRE, APELLIDO, DIRECCION, TELEFONO, EMAIL) values (2, 'Gonzales', 'Garthland', '6 Anhalt Park', '7738431880', 'ggarthland1@seesaa.net');
insert into CLIENTE (ID_CLIENTE, NOMBRE, APELLIDO, DIRECCION, TELEFONO, EMAIL) values (3, 'Olga', 'Beranek', '18 Nova Junction', '2383482453', 'oberanek2@biglobe.ne.jp');
insert into CLIENTE (ID_CLIENTE, NOMBRE, APELLIDO, DIRECCION, TELEFONO, EMAIL) values (4, 'Jacquette', 'Bassett', '4 Stuart Circle', '7727723501', 'jbassett3@slate.com');
insert into CLIENTE (ID_CLIENTE, NOMBRE, APELLIDO, DIRECCION, TELEFONO, EMAIL) values (5, 'Tod', 'Paver', '5 Superior Point', '7307237269', 'tpaver4@tumblr.com');
insert into CLIENTE (ID_CLIENTE, NOMBRE, APELLIDO, DIRECCION, TELEFONO, EMAIL) values (6, 'Alessandra', 'Chaddock', '5 Aberg Hill', '8052385006', 'achaddock5@japanpost.jp');
insert into CLIENTE (ID_CLIENTE, NOMBRE, APELLIDO, DIRECCION, TELEFONO, EMAIL) values (7, 'Monti', 'Gomersall', '5 Green Ridge Way', '4062559710', 'mgomersall6@tumblr.com');
insert into CLIENTE (ID_CLIENTE, NOMBRE, APELLIDO, DIRECCION, TELEFONO, EMAIL) values (8, 'Anderson', 'Benedit', '3 Summer Ridge Way', '8297816634', 'abenedit7@illinois.edu');
insert into CLIENTE (ID_CLIENTE, NOMBRE, APELLIDO, DIRECCION, TELEFONO, EMAIL) values (9, 'Dewey', 'Woolvett', '23 Clove Parkway', '9443666489', 'dwoolvett8@networksolutions.com');
insert into CLIENTE (ID_CLIENTE, NOMBRE, APELLIDO, DIRECCION, TELEFONO, EMAIL) values (10, 'Jayson', 'Lehmann', '88348 Oneill Crossing', '3387761404', 'jlehmann9@macromedia.com');
insert into CLIENTE (ID_CLIENTE, NOMBRE, APELLIDO, DIRECCION, TELEFONO, EMAIL) values (11, 'Tonia', 'Nys', '3185 Grover Drive', '3881463926', 'tnysa@cnn.com');
insert into CLIENTE (ID_CLIENTE, NOMBRE, APELLIDO, DIRECCION, TELEFONO, EMAIL) values (12, 'Constantino', 'Johananoff', '0712 Westridge Crossing', '9646785026', 'cjohananoffb@bbc.co.uk');
insert into CLIENTE (ID_CLIENTE, NOMBRE, APELLIDO, DIRECCION, TELEFONO, EMAIL) values (13, 'Ursola', 'Lyford', '3092 Sheridan Trail', '2152313000', 'ulyfordc@foxnews.com');
insert into CLIENTE (ID_CLIENTE, NOMBRE, APELLIDO, DIRECCION, TELEFONO, EMAIL) values (14, 'Bettina', 'Klimkin', '009 Pleasure Terrace', '3024785981', 'bklimkind@irs.gov');
insert into CLIENTE (ID_CLIENTE, NOMBRE, APELLIDO, DIRECCION, TELEFONO, EMAIL) values (15, 'Evin', 'Easey', '8947 Kedzie Street', '4998133259', 'eeaseye@wikipedia.org');
insert into CLIENTE (ID_CLIENTE, NOMBRE, APELLIDO, DIRECCION, TELEFONO, EMAIL) values (16, 'Kalindi', 'Gusticke', '9 Moland Terrace', '8527031129', 'kgustickef@freewebs.com');
insert into CLIENTE (ID_CLIENTE, NOMBRE, APELLIDO, DIRECCION, TELEFONO, EMAIL) values (17, 'Cathrine', 'Simmon', '173 Farwell Point', '6405784645', 'csimmong@cargocollective.com');
insert into CLIENTE (ID_CLIENTE, NOMBRE, APELLIDO, DIRECCION, TELEFONO, EMAIL) values (18, 'Alon', 'Boyett', '50642 Maple Point', '4684740477', 'aboyetth@goo.gl');
insert into CLIENTE (ID_CLIENTE, NOMBRE, APELLIDO, DIRECCION, TELEFONO, EMAIL) values (19, 'Gussie', 'Swaysland', '83181 Hanson Street', '2192181545', 'gswayslandi@macromedia.com');
insert into CLIENTE (ID_CLIENTE, NOMBRE, APELLIDO, DIRECCION, TELEFONO, EMAIL) values (20, 'Vite', 'Downie', '5541 Darwin Alley', '8878211610', 'vdowniej@shop-pro.jp');
insert into CLIENTE (ID_CLIENTE, NOMBRE, APELLIDO, DIRECCION, TELEFONO, EMAIL) values (21, 'Sal', 'Kisar', '073 Glacier Hill Hill', '1645978098', 'skisark@studiopress.com');
insert into CLIENTE (ID_CLIENTE, NOMBRE, APELLIDO, DIRECCION, TELEFONO, EMAIL) values (22, 'Hortensia', 'Kingcote', '31 Anderson Street', '9674145760', 'hkingcotel@go.com');
insert into CLIENTE (ID_CLIENTE, NOMBRE, APELLIDO, DIRECCION, TELEFONO, EMAIL) values (23, 'Chrystel', 'Smithe', '846 John Wall Parkway', '5022930045', 'csmithem@ihg.com');
insert into CLIENTE (ID_CLIENTE, NOMBRE, APELLIDO, DIRECCION, TELEFONO, EMAIL) values (24, 'Raff', 'McGuffie', '021 Crest Line Pass', '6583205238', 'rmcguffien@uol.com.br');
insert into CLIENTE (ID_CLIENTE, NOMBRE, APELLIDO, DIRECCION, TELEFONO, EMAIL) values (25, 'Broderick', 'Pattington', '44 Annamark Court', '3276923698', 'bpattingtono@51.la');
insert into CLIENTE (ID_CLIENTE, NOMBRE, APELLIDO, DIRECCION, TELEFONO, EMAIL) values (26, 'Kingston', 'Vida', '8106 Rieder Lane', '7262423319', 'kvidap@quantcast.com');
insert into CLIENTE (ID_CLIENTE, NOMBRE, APELLIDO, DIRECCION, TELEFONO, EMAIL) values (27, 'Gwenette', 'Dilks', '57978 Anzinger Place', '7179647715', 'gdilksq@vk.com');
insert into CLIENTE (ID_CLIENTE, NOMBRE, APELLIDO, DIRECCION, TELEFONO, EMAIL) values (28, 'Way', 'Kindle', '8011 Holmberg Center', '1275393265', 'wkindler@istockphoto.com');
insert into CLIENTE (ID_CLIENTE, NOMBRE, APELLIDO, DIRECCION, TELEFONO, EMAIL) values (29, 'Renaud', 'Grob', '08256 Homewood Park', '6149806728', 'rgrobs@yahoo.com');
insert into CLIENTE (ID_CLIENTE, NOMBRE, APELLIDO, DIRECCION, TELEFONO, EMAIL) values (30, 'Andromache', 'Rhodus', '9 Bultman Circle', '8815186843', 'arhodust@liveinternet.ru');
insert into CLIENTE (ID_CLIENTE, NOMBRE, APELLIDO, DIRECCION, TELEFONO, EMAIL) values (31, 'Noell', 'Milhench', '422 Debs Hill', '9771969310', 'nmilhenchu@dot.gov');
insert into CLIENTE (ID_CLIENTE, NOMBRE, APELLIDO, DIRECCION, TELEFONO, EMAIL) values (32, 'Mattie', 'Safe', '9693 Namekagon Pass', '9702633264', 'msafev@51.la');
insert into CLIENTE (ID_CLIENTE, NOMBRE, APELLIDO, DIRECCION, TELEFONO, EMAIL) values (33, 'Marj', 'Matton', '73 Sauthoff Street', '2396139021', 'mmattonw@printfriendly.com');
insert into CLIENTE (ID_CLIENTE, NOMBRE, APELLIDO, DIRECCION, TELEFONO, EMAIL) values (34, 'Tomkin', 'Spradbery', '1535 Forest Terrace', '3679756382', 'tspradberyx@sogou.com');
insert into CLIENTE (ID_CLIENTE, NOMBRE, APELLIDO, DIRECCION, TELEFONO, EMAIL) values (35, 'Philbert', 'Roistone', '83 Harbort Plaza', '1792019802', 'proistoney@myspace.com');
insert into CLIENTE (ID_CLIENTE, NOMBRE, APELLIDO, DIRECCION, TELEFONO, EMAIL) values (36, 'Dell', 'Stiegers', '1 Hooker Avenue', '4001360294', 'dstiegersz@bbb.org');
insert into CLIENTE (ID_CLIENTE, NOMBRE, APELLIDO, DIRECCION, TELEFONO, EMAIL) values (37, 'Jacky', 'Reddan', '8 Sage Pass', '8098337582', 'jreddan10@mayoclinic.com');
insert into CLIENTE (ID_CLIENTE, NOMBRE, APELLIDO, DIRECCION, TELEFONO, EMAIL) values (38, 'Noreen', 'Cluderay', '393 Lien Crossing', '8121378711', 'ncluderay11@prweb.com');
insert into CLIENTE (ID_CLIENTE, NOMBRE, APELLIDO, DIRECCION, TELEFONO, EMAIL) values (39, 'Petronella', 'Meriguet', '85242 Washington Circle', '7641015001', 'pmeriguet12@issuu.com');
insert into CLIENTE (ID_CLIENTE, NOMBRE, APELLIDO, DIRECCION, TELEFONO, EMAIL) values (40, 'Suzette', 'Sant', '6302 Portage Court', '8014971076', 'ssant13@addtoany.com');
insert into CLIENTE (ID_CLIENTE, NOMBRE, APELLIDO, DIRECCION, TELEFONO, EMAIL) values (41, 'Giles', 'Dailey', '31960 Dovetail Road', '9787282404', 'gdailey14@sbwire.com');
insert into CLIENTE (ID_CLIENTE, NOMBRE, APELLIDO, DIRECCION, TELEFONO, EMAIL) values (42, 'Jermaine', 'Guerreau', '65 Mosinee Pass', '4862304203', 'jguerreau15@vkontakte.ru');
insert into CLIENTE (ID_CLIENTE, NOMBRE, APELLIDO, DIRECCION, TELEFONO, EMAIL) values (43, 'Nata', 'Stampfer', '61 Clove Plaza', '4434081996', 'nstampfer16@nasa.gov');
insert into CLIENTE (ID_CLIENTE, NOMBRE, APELLIDO, DIRECCION, TELEFONO, EMAIL) values (44, 'Cosimo', 'Braim', '448 Scofield Road', '4949366715', 'cbraim17@alibaba.com');
insert into CLIENTE (ID_CLIENTE, NOMBRE, APELLIDO, DIRECCION, TELEFONO, EMAIL) values (45, 'Angelle', 'Blagden', '86 Eagle Crest Road', '7637169616', 'ablagden18@chicagotribune.com');
insert into CLIENTE (ID_CLIENTE, NOMBRE, APELLIDO, DIRECCION, TELEFONO, EMAIL) values (46, 'Tybi', 'Leving', '57922 Shoshone Road', '5561838339', 'tleving19@printfriendly.com');
insert into CLIENTE (ID_CLIENTE, NOMBRE, APELLIDO, DIRECCION, TELEFONO, EMAIL) values (47, 'Loreen', 'Le-Good', '59474 Hooker Crossing', '9884808684', 'llegood1a@deliciousdays.com');
insert into CLIENTE (ID_CLIENTE, NOMBRE, APELLIDO, DIRECCION, TELEFONO, EMAIL) values (48, 'Joan', 'Yoakley', '09765 Pine View Crossing', '5308129958', 'jyoakley1b@nyu.edu');
insert into CLIENTE (ID_CLIENTE, NOMBRE, APELLIDO, DIRECCION, TELEFONO, EMAIL) values (49, 'Fons', 'Tue', '19 Gulseth Park', '1328407559', 'ftue1c@arizona.edu');
insert into CLIENTE (ID_CLIENTE, NOMBRE, APELLIDO, DIRECCION, TELEFONO, EMAIL) values (50, 'Aldus', 'Sisselot', '0888 Garrison Place', '5446659795', 'asisselot1d@fda.gov');
insert into CLIENTE (ID_CLIENTE, NOMBRE, APELLIDO, DIRECCION, TELEFONO, EMAIL) values (51, 'Hill', 'Gilstin', '9 Golf Course Hill', '8498359479', 'hgilstin1e@bravesites.com');
insert into CLIENTE (ID_CLIENTE, NOMBRE, APELLIDO, DIRECCION, TELEFONO, EMAIL) values (52, 'Sheba', 'Brislen', '748 Crownhardt Terrace', '9648398891', 'sbrislen1f@nydailynews.com');
insert into CLIENTE (ID_CLIENTE, NOMBRE, APELLIDO, DIRECCION, TELEFONO, EMAIL) values (53, 'Finlay', 'Dahl', '0191 Elgar Street', '5007848844', 'fdahl1g@reddit.com');
insert into CLIENTE (ID_CLIENTE, NOMBRE, APELLIDO, DIRECCION, TELEFONO, EMAIL) values (54, 'Raddie', 'Alban', '26589 Hazelcrest Terrace', '3671947070', 'ralban1h@home.pl');
insert into CLIENTE (ID_CLIENTE, NOMBRE, APELLIDO, DIRECCION, TELEFONO, EMAIL) values (55, 'Linnell', 'Fredi', '07 Hoffman Lane', '1963735591', 'lfredi1i@dropbox.com');
insert into CLIENTE (ID_CLIENTE, NOMBRE, APELLIDO, DIRECCION, TELEFONO, EMAIL) values (56, 'Michael', 'Deal', '36783 Lyons Drive', '8727087698', 'mdeal1j@merriam-webster.com');
insert into CLIENTE (ID_CLIENTE, NOMBRE, APELLIDO, DIRECCION, TELEFONO, EMAIL) values (57, 'Lara', 'Joblin', '439 Anhalt Drive', '2444261418', 'ljoblin1k@123-reg.co.uk');
insert into CLIENTE (ID_CLIENTE, NOMBRE, APELLIDO, DIRECCION, TELEFONO, EMAIL) values (58, 'Walden', 'Michele', '09 Hagan Drive', '2132558565', 'wmichele1l@noaa.gov');
insert into CLIENTE (ID_CLIENTE, NOMBRE, APELLIDO, DIRECCION, TELEFONO, EMAIL) values (59, 'Rodd', 'Moreby', '859 Mandrake Circle', '8639841938', 'rmoreby1m@indiatimes.com');
insert into CLIENTE (ID_CLIENTE, NOMBRE, APELLIDO, DIRECCION, TELEFONO, EMAIL) values (60, 'Bernie', 'Bartolomivis', '747 Crest Line Road', '7241411816', 'bbartolomivis1n@walmart.com');
insert into CLIENTE (ID_CLIENTE, NOMBRE, APELLIDO, DIRECCION, TELEFONO, EMAIL) values (61, 'Hebert', 'Skillern', '0610 Fisk Terrace', '2946635647', 'hskillern1o@flickr.com');
insert into CLIENTE (ID_CLIENTE, NOMBRE, APELLIDO, DIRECCION, TELEFONO, EMAIL) values (62, 'Emelia', 'Baish', '25864 Johnson Pass', '6193232420', 'ebaish1p@indiatimes.com');
insert into CLIENTE (ID_CLIENTE, NOMBRE, APELLIDO, DIRECCION, TELEFONO, EMAIL) values (63, 'Marielle', 'Capstick', '54 Ruskin Crossing', '8496704204', 'mcapstick1q@buzzfeed.com');
insert into CLIENTE (ID_CLIENTE, NOMBRE, APELLIDO, DIRECCION, TELEFONO, EMAIL) values (64, 'Algernon', 'Grist', '383 Bowman Trail', '3962530726', 'agrist1r@creativecommons.org');
insert into CLIENTE (ID_CLIENTE, NOMBRE, APELLIDO, DIRECCION, TELEFONO, EMAIL) values (65, 'Dorene', 'Slate', '4 Menomonie Crossing', '1096491334', 'dslate1s@soundcloud.com');
insert into CLIENTE (ID_CLIENTE, NOMBRE, APELLIDO, DIRECCION, TELEFONO, EMAIL) values (66, 'Caesar', 'McGaugie', '46 Morningstar Hill', '4426623002', 'cmcgaugie1t@qq.com');
insert into CLIENTE (ID_CLIENTE, NOMBRE, APELLIDO, DIRECCION, TELEFONO, EMAIL) values (67, 'Noah', 'Samett', '688 Welch Park', '4666794564', 'nsamett1u@naver.com');
insert into CLIENTE (ID_CLIENTE, NOMBRE, APELLIDO, DIRECCION, TELEFONO, EMAIL) values (68, 'Cosetta', 'Martindale', '6 Pleasure Park', '5391392281', 'cmartindale1v@weebly.com');
insert into CLIENTE (ID_CLIENTE, NOMBRE, APELLIDO, DIRECCION, TELEFONO, EMAIL) values (69, 'Casandra', 'Fenix', '66 Calypso Alley', '4741301088', 'cfenix1w@parallels.com');
insert into CLIENTE (ID_CLIENTE, NOMBRE, APELLIDO, DIRECCION, TELEFONO, EMAIL) values (70, 'Tiphany', 'Baribal', '97684 Menomonie Drive', '5803512791', 'tbaribal1x@goodreads.com');
insert into CLIENTE (ID_CLIENTE, NOMBRE, APELLIDO, DIRECCION, TELEFONO, EMAIL) values (71, 'Delmor', 'Heamus', '4488 Carey Hill', '4202367285', 'dheamus1y@nhs.uk');
insert into CLIENTE (ID_CLIENTE, NOMBRE, APELLIDO, DIRECCION, TELEFONO, EMAIL) values (72, 'Nadine', 'Wooler', '86099 Monica Drive', '9924151266', 'nwooler1z@toplist.cz');
insert into CLIENTE (ID_CLIENTE, NOMBRE, APELLIDO, DIRECCION, TELEFONO, EMAIL) values (73, 'Allen', 'Veale', '7 Nevada Point', '9603329570', 'aveale20@epa.gov');
insert into CLIENTE (ID_CLIENTE, NOMBRE, APELLIDO, DIRECCION, TELEFONO, EMAIL) values (74, 'Sybila', 'MacKay', '05269 Barnett Way', '6132072152', 'smackay21@purevolume.com');
insert into CLIENTE (ID_CLIENTE, NOMBRE, APELLIDO, DIRECCION, TELEFONO, EMAIL) values (75, 'Osbert', 'Graveney', '5815 Brickson Park Avenue', '1201989506', 'ograveney22@apache.org');
insert into CLIENTE (ID_CLIENTE, NOMBRE, APELLIDO, DIRECCION, TELEFONO, EMAIL) values (76, 'Jewell', 'Scarasbrick', '61 Boyd Lane', '3643992452', 'jscarasbrick23@photobucket.com');
insert into CLIENTE (ID_CLIENTE, NOMBRE, APELLIDO, DIRECCION, TELEFONO, EMAIL) values (77, 'Even', 'Biesterfeld', '5193 Mariners Cove Way', '2452784786', 'ebiesterfeld24@illinois.edu');
insert into CLIENTE (ID_CLIENTE, NOMBRE, APELLIDO, DIRECCION, TELEFONO, EMAIL) values (78, 'Maje', 'Henden', '477 Glacier Hill Avenue', '4731201937', 'mhenden25@mail.ru');
insert into CLIENTE (ID_CLIENTE, NOMBRE, APELLIDO, DIRECCION, TELEFONO, EMAIL) values (79, 'Rosana', 'Linklet', '571 Di Loreto Trail', '8022724409', 'rlinklet26@house.gov');
insert into CLIENTE (ID_CLIENTE, NOMBRE, APELLIDO, DIRECCION, TELEFONO, EMAIL) values (80, 'Kearney', 'Brewis', '68740 Sauthoff Drive', '3828736997', 'kbrewis27@diigo.com');
insert into CLIENTE (ID_CLIENTE, NOMBRE, APELLIDO, DIRECCION, TELEFONO, EMAIL) values (81, 'Danila', 'Gurdon', '3 Michigan Way', '6195013470', 'dgurdon28@java.com');
insert into CLIENTE (ID_CLIENTE, NOMBRE, APELLIDO, DIRECCION, TELEFONO, EMAIL) values (82, 'Sayre', 'House', '48 Stuart Park', '3975632491', 'shouse29@virginia.edu');
insert into CLIENTE (ID_CLIENTE, NOMBRE, APELLIDO, DIRECCION, TELEFONO, EMAIL) values (83, 'Dulcia', 'Orr', '410 8th Parkway', '1233901898', 'dorr2a@illinois.edu');
insert into CLIENTE (ID_CLIENTE, NOMBRE, APELLIDO, DIRECCION, TELEFONO, EMAIL) values (84, 'Delmar', 'Toopin', '1 Sloan Center', '7062070905', 'dtoopin2b@irs.gov');
insert into CLIENTE (ID_CLIENTE, NOMBRE, APELLIDO, DIRECCION, TELEFONO, EMAIL) values (85, 'Vincenty', 'Toye', '4904 Forest Drive', '6808353741', 'vtoye2c@opera.com');
insert into CLIENTE (ID_CLIENTE, NOMBRE, APELLIDO, DIRECCION, TELEFONO, EMAIL) values (86, 'Dulcie', 'Lambrechts', '13318 Upham Court', '7007677341', 'dlambrechts2d@rediff.com');
insert into CLIENTE (ID_CLIENTE, NOMBRE, APELLIDO, DIRECCION, TELEFONO, EMAIL) values (87, 'Donall', 'McKimmey', '05976 Heffernan Park', '4043365427', 'dmckimmey2e@princeton.edu');
insert into CLIENTE (ID_CLIENTE, NOMBRE, APELLIDO, DIRECCION, TELEFONO, EMAIL) values (88, 'Edythe', 'Baignard', '40 Westridge Crossing', '5244274176', 'ebaignard2f@fotki.com');
insert into CLIENTE (ID_CLIENTE, NOMBRE, APELLIDO, DIRECCION, TELEFONO, EMAIL) values (89, 'Micheline', 'MacGlory', '4 Dawn Circle', '9917179100', 'mmacglory2g@dmoz.org');
insert into CLIENTE (ID_CLIENTE, NOMBRE, APELLIDO, DIRECCION, TELEFONO, EMAIL) values (90, 'Mora', 'Nixon', '20 Evergreen Lane', '6609783283', 'mnixon2h@nba.com');
insert into CLIENTE (ID_CLIENTE, NOMBRE, APELLIDO, DIRECCION, TELEFONO, EMAIL) values (91, 'Blythe', 'Benedicto', '0145 Dunning Place', '1729759965', 'bbenedicto2i@smugmug.com');
insert into CLIENTE (ID_CLIENTE, NOMBRE, APELLIDO, DIRECCION, TELEFONO, EMAIL) values (92, 'Kippie', 'Schaffler', '1440 Gina Park', '9163931370', 'kschaffler2j@51.la');
insert into CLIENTE (ID_CLIENTE, NOMBRE, APELLIDO, DIRECCION, TELEFONO, EMAIL) values (93, 'Brannon', 'Orry', '19198 Raven Junction', '4819475308', 'borry2k@earthlink.net');
insert into CLIENTE (ID_CLIENTE, NOMBRE, APELLIDO, DIRECCION, TELEFONO, EMAIL) values (94, 'Deane', 'Beatson', '5655 Oakridge Street', '9169091995', 'dbeatson2l@google.nl');
insert into CLIENTE (ID_CLIENTE, NOMBRE, APELLIDO, DIRECCION, TELEFONO, EMAIL) values (95, 'Wheeler', 'Melarkey', '35 Briar Crest Alley', '3323163227', 'wmelarkey2m@earthlink.net');
insert into CLIENTE (ID_CLIENTE, NOMBRE, APELLIDO, DIRECCION, TELEFONO, EMAIL) values (96, 'Alejandro', 'Nell', '7798 Arizona Point', '8792328355', 'anell2n@amazon.co.jp');
insert into CLIENTE (ID_CLIENTE, NOMBRE, APELLIDO, DIRECCION, TELEFONO, EMAIL) values (97, 'Ethel', 'Kloser', '5 Esch Pass', '1454517649', 'ekloser2o@theatlantic.com');
insert into CLIENTE (ID_CLIENTE, NOMBRE, APELLIDO, DIRECCION, TELEFONO, EMAIL) values (98, 'Lambert', 'O''Lyhane', '888 Charing Cross Avenue', '1278199640', 'lolyhane2p@google.com');
insert into CLIENTE (ID_CLIENTE, NOMBRE, APELLIDO, DIRECCION, TELEFONO, EMAIL) values (99, 'Rosana', 'Bowes', '9409 Macpherson Pass', '1029662061', 'rbowes2q@berkeley.edu');
insert into CLIENTE (ID_CLIENTE, NOMBRE, APELLIDO, DIRECCION, TELEFONO, EMAIL) values (100, 'Elizabet', 'Scriviner', '6 Nelson Parkway', '1463147522', 'escriviner2r@discovery.com');


CREATE TABLE ARTICULO (
ID_ARTICULO	      INT PRIMARY KEY,
NOMBRE		        VARCHAR2(50),
PRECIO		        INT,
INVENTARIO	      INT,
TIPO_CERVEZA	    VARCHAR2(50)
);

DROP TABLE ARTICULO;

insert into ARTICULO (ID_ARTICULO, NOMBRE, PRECIO, INVENTARIO, TIPO_CERVEZA) values (5, 'PILSEN', 800, 63, 'ALE');
insert into ARTICULO (ID_ARTICULO, NOMBRE, PRECIO, INVENTARIO, TIPO_CERVEZA) values (6, 'IMPERIAL', 500, 45, 'LAGER');
insert into ARTICULO (ID_ARTICULO, NOMBRE, PRECIO, INVENTARIO, TIPO_CERVEZA) values (7, 'SMIRNOFF', 1000, 73,'ALE');
insert into ARTICULO (ID_ARTICULO, NOMBRE, PRECIO, INVENTARIO, TIPO_CERVEZA) values (8, 'FOUR LOKO', 3000, 82,'LAGER');

CREATE TABLE TIENDA(
ID_TIENDA	      INT PRIMARY KEY,
PROVINCIA	      VARCHAR2(50),
CANTON		      VARCHAR2(50),
NOMBRE_TIENDA	  VARCHAR2(50)
);


DROP TABLE TIENDA;

insert into TIENDA (ID_TIENDA, PROVINCIA, CANTON, NOMBRE_TIENDA) values (9, 'SAN JOSE', 'ESCAZU', 'CERVECERIA FIDE');
insert into TIENDA (ID_TIENDA, PROVINCIA, CANTON, NOMBRE_TIENDA) values (10, 'SAN JOSE', 'CURRIDABAT', 'CERVECERIA FIDE');

CREATE TABLE ORDEN(
ID_ORDEN	        INT PRIMARY KEY,
FECHA		          DATE,
CANTIDAD		      INT,
FORMA_DE_PAGO     VARCHAR2(50)
);

DROP TABLE ORDEN;

insert into ORDEN (ID_ORDEN, FECHA, CANTIDAD, FORMA_DE_PAGO) values (11, TO_DATE('2018/06/20', 'yyyy/mm/dd '), 10, 'EFECTIVO');
insert into ORDEN (ID_ORDEN, FECHA, CANTIDAD, FORMA_DE_PAGO) values (12, TO_DATE('2019/07/03', 'yyyy/mm/dd '), 9, 'EFECTIVO');
insert into ORDEN (ID_ORDEN, FECHA, CANTIDAD, FORMA_DE_PAGO) values (13, TO_DATE('2019/08/06', 'yyyy/mm/dd '), 8, 'TARJETA');
insert into ORDEN (ID_ORDEN, FECHA, CANTIDAD, FORMA_DE_PAGO) values (14, TO_DATE('2018/09/09', 'yyyy/mm/dd '), 5, 'TARJETA');
insert into ORDEN (ID_ORDEN, FECHA, CANTIDAD, FORMA_DE_PAGO) values (15, TO_DATE('2017/03/09', 'yyyy/mm/dd '), 5, 'TARJETA');

CREATE TABLE PROVEEDOR(
ID_PROVEEDOR		    INT PRIMARY KEY,
NOMBRE_PROVEEDOR	  VARCHAR2(50),
CEDULA			        INT
);

DROP TABLE PROVEEDOR;

INSERT INTO PROVEEDOR (ID_PROVEEDOR,NOMBRE_PROVEEDOR,CEDULA) VALUES (1000,'Risus LLC',305947);
INSERT INTO PROVEEDOR (ID_PROVEEDOR,NOMBRE_PROVEEDOR,CEDULA) VALUES (1001,'Aliquam Corp.',290239);
INSERT INTO PROVEEDOR (ID_PROVEEDOR,NOMBRE_PROVEEDOR,CEDULA) VALUES (1002,'Quam Institute',285755);
INSERT INTO PROVEEDOR (ID_PROVEEDOR,NOMBRE_PROVEEDOR,CEDULA) VALUES (1003,'Pretium Et PC',321144);
INSERT INTO PROVEEDOR (ID_PROVEEDOR,NOMBRE_PROVEEDOR,CEDULA) VALUES (1004,'Lorem Semper Auctor Corporation',269635);
INSERT INTO PROVEEDOR (ID_PROVEEDOR,NOMBRE_PROVEEDOR,CEDULA) VALUES (1005,'Morbi Non Sapien Limited',253853);
INSERT INTO PROVEEDOR (ID_PROVEEDOR,NOMBRE_PROVEEDOR,CEDULA) VALUES (1006,'Pretium Inc.',257623);
INSERT INTO PROVEEDOR (ID_PROVEEDOR,NOMBRE_PROVEEDOR,CEDULA) VALUES (1007,'Sit Amet Corporation',299969);
INSERT INTO PROVEEDOR (ID_PROVEEDOR,NOMBRE_PROVEEDOR,CEDULA) VALUES (1008,'Sed Consequat Auctor Ltd',275925);
INSERT INTO PROVEEDOR (ID_PROVEEDOR,NOMBRE_PROVEEDOR,CEDULA) VALUES (1009,'Odio Aliquam Associates',268149);
INSERT INTO PROVEEDOR (ID_PROVEEDOR,NOMBRE_PROVEEDOR,CEDULA) VALUES (1010,'Duis Risus Odio Inc.',257121);
INSERT INTO PROVEEDOR (ID_PROVEEDOR,NOMBRE_PROVEEDOR,CEDULA) VALUES (1011,'Neque Consulting',303414);
INSERT INTO PROVEEDOR (ID_PROVEEDOR,NOMBRE_PROVEEDOR,CEDULA) VALUES (1012,'Dignissim Lacus Consulting',330680);
INSERT INTO PROVEEDOR (ID_PROVEEDOR,NOMBRE_PROVEEDOR,CEDULA) VALUES (1013,'A Felis Ullamcorper LLC',301694);
INSERT INTO PROVEEDOR (ID_PROVEEDOR,NOMBRE_PROVEEDOR,CEDULA) VALUES (1014,'At Pretium Aliquet LLC',297165);
INSERT INTO PROVEEDOR (ID_PROVEEDOR,NOMBRE_PROVEEDOR,CEDULA) VALUES (1015,'Proin LLP',309458);
INSERT INTO PROVEEDOR (ID_PROVEEDOR,NOMBRE_PROVEEDOR,CEDULA) VALUES (1016,'Eu Ultrices Sit Incorporated',305283);
INSERT INTO PROVEEDOR (ID_PROVEEDOR,NOMBRE_PROVEEDOR,CEDULA) VALUES (1017,'Nunc LLP',317955);
INSERT INTO PROVEEDOR (ID_PROVEEDOR,NOMBRE_PROVEEDOR,CEDULA) VALUES (1018,'Luctus Sit Amet Inc.',282075);
INSERT INTO PROVEEDOR (ID_PROVEEDOR,NOMBRE_PROVEEDOR,CEDULA) VALUES (1019,'Cum Sociis Natoque Corp.',279195);
INSERT INTO PROVEEDOR (ID_PROVEEDOR,NOMBRE_PROVEEDOR,CEDULA) VALUES (1020,'Suscipit Est Industries',311008);
INSERT INTO PROVEEDOR (ID_PROVEEDOR,NOMBRE_PROVEEDOR,CEDULA) VALUES (1021,'Ullamcorper Duis Cursus Ltd',334937);
INSERT INTO PROVEEDOR (ID_PROVEEDOR,NOMBRE_PROVEEDOR,CEDULA) VALUES (1022,'Ultrices Mauris LLC',257691);
INSERT INTO PROVEEDOR (ID_PROVEEDOR,NOMBRE_PROVEEDOR,CEDULA) VALUES (1023,'Aliquet Foundation',270275);
INSERT INTO PROVEEDOR (ID_PROVEEDOR,NOMBRE_PROVEEDOR,CEDULA) VALUES (1024,'Facilisis Suspendisse Commodo Ltd',340095);
INSERT INTO PROVEEDOR (ID_PROVEEDOR,NOMBRE_PROVEEDOR,CEDULA) VALUES (1025,'A Limited',343029);
INSERT INTO PROVEEDOR (ID_PROVEEDOR,NOMBRE_PROVEEDOR,CEDULA) VALUES (1026,'Aliquam Incorporated',332829);
INSERT INTO PROVEEDOR (ID_PROVEEDOR,NOMBRE_PROVEEDOR,CEDULA) VALUES (1027,'Arcu Nunc LLC',321994);
INSERT INTO PROVEEDOR (ID_PROVEEDOR,NOMBRE_PROVEEDOR,CEDULA) VALUES (1028,'Metus Inc.',349899);
INSERT INTO PROVEEDOR (ID_PROVEEDOR,NOMBRE_PROVEEDOR,CEDULA) VALUES (1029,'Erat Nonummy Ultricies LLP',254408);
INSERT INTO PROVEEDOR (ID_PROVEEDOR,NOMBRE_PROVEEDOR,CEDULA) VALUES (1030,'Egestas LLP',324234);
INSERT INTO PROVEEDOR (ID_PROVEEDOR,NOMBRE_PROVEEDOR,CEDULA) VALUES (1031,'Suspendisse Tristique Consulting',288821);
INSERT INTO PROVEEDOR (ID_PROVEEDOR,NOMBRE_PROVEEDOR,CEDULA) VALUES (1032,'At Industries',276830);
INSERT INTO PROVEEDOR (ID_PROVEEDOR,NOMBRE_PROVEEDOR,CEDULA) VALUES (1033,'In Institute',322520);
INSERT INTO PROVEEDOR (ID_PROVEEDOR,NOMBRE_PROVEEDOR,CEDULA) VALUES (1034,'Placerat Augue Corp.',314211);
INSERT INTO PROVEEDOR (ID_PROVEEDOR,NOMBRE_PROVEEDOR,CEDULA) VALUES (1035,'Vitae PC',325846);
INSERT INTO PROVEEDOR (ID_PROVEEDOR,NOMBRE_PROVEEDOR,CEDULA) VALUES (1036,'Arcu Inc.',312057);
INSERT INTO PROVEEDOR (ID_PROVEEDOR,NOMBRE_PROVEEDOR,CEDULA) VALUES (1037,'Tincidunt Nunc Ac Ltd',260049);
INSERT INTO PROVEEDOR (ID_PROVEEDOR,NOMBRE_PROVEEDOR,CEDULA) VALUES (1038,'Penatibus Et Consulting',265080);
INSERT INTO PROVEEDOR (ID_PROVEEDOR,NOMBRE_PROVEEDOR,CEDULA) VALUES (1039,'Quisque Corp.',300002);
INSERT INTO PROVEEDOR (ID_PROVEEDOR,NOMBRE_PROVEEDOR,CEDULA) VALUES (1040,'Nunc Mauris LLP',345124);
INSERT INTO PROVEEDOR (ID_PROVEEDOR,NOMBRE_PROVEEDOR,CEDULA) VALUES (1041,'Egestas A Industries',306767);
INSERT INTO PROVEEDOR (ID_PROVEEDOR,NOMBRE_PROVEEDOR,CEDULA) VALUES (1042,'Dui Fusce Inc.',317912);
INSERT INTO PROVEEDOR (ID_PROVEEDOR,NOMBRE_PROVEEDOR,CEDULA) VALUES (1043,'Dolor Consulting',329693);
INSERT INTO PROVEEDOR (ID_PROVEEDOR,NOMBRE_PROVEEDOR,CEDULA) VALUES (1044,'Sit Amet Corporation',310118);
INSERT INTO PROVEEDOR (ID_PROVEEDOR,NOMBRE_PROVEEDOR,CEDULA) VALUES (1045,'Euismod Mauris Inc.',333379);
INSERT INTO PROVEEDOR (ID_PROVEEDOR,NOMBRE_PROVEEDOR,CEDULA) VALUES (1046,'In Tincidunt LLP',250395);
INSERT INTO PROVEEDOR (ID_PROVEEDOR,NOMBRE_PROVEEDOR,CEDULA) VALUES (1047,'Etiam Ligula Corporation',345604);
INSERT INTO PROVEEDOR (ID_PROVEEDOR,NOMBRE_PROVEEDOR,CEDULA) VALUES (1048,'Vel Company',349822);
INSERT INTO PROVEEDOR (ID_PROVEEDOR,NOMBRE_PROVEEDOR,CEDULA) VALUES (1049,'Ultrices Vivamus Rhoncus Ltd',293168);
INSERT INTO PROVEEDOR (ID_PROVEEDOR,NOMBRE_PROVEEDOR,CEDULA) VALUES (1050,'Tellus Nunc Company',323797);
INSERT INTO PROVEEDOR (ID_PROVEEDOR,NOMBRE_PROVEEDOR,CEDULA) VALUES (1051,'Ultrices Mauris Industries',309474);
INSERT INTO PROVEEDOR (ID_PROVEEDOR,NOMBRE_PROVEEDOR,CEDULA) VALUES (1052,'Sed Leo Limited',300716);
INSERT INTO PROVEEDOR (ID_PROVEEDOR,NOMBRE_PROVEEDOR,CEDULA) VALUES (1053,'Ultricies Dignissim Lacus PC',276060);
INSERT INTO PROVEEDOR (ID_PROVEEDOR,NOMBRE_PROVEEDOR,CEDULA) VALUES (1054,'Per Inceptos Hymenaeos Inc.',291320);
INSERT INTO PROVEEDOR (ID_PROVEEDOR,NOMBRE_PROVEEDOR,CEDULA) VALUES (1055,'Rutrum Company',316401);
INSERT INTO PROVEEDOR (ID_PROVEEDOR,NOMBRE_PROVEEDOR,CEDULA) VALUES (1056,'Malesuada Institute',268392);
INSERT INTO PROVEEDOR (ID_PROVEEDOR,NOMBRE_PROVEEDOR,CEDULA) VALUES (1057,'Commodo Hendrerit Incorporated',332051);
INSERT INTO PROVEEDOR (ID_PROVEEDOR,NOMBRE_PROVEEDOR,CEDULA) VALUES (1058,'Tortor Dictum Eu Consulting',321318);
INSERT INTO PROVEEDOR (ID_PROVEEDOR,NOMBRE_PROVEEDOR,CEDULA) VALUES (1059,'Enim Mauris Quis Incorporated',319613);
INSERT INTO PROVEEDOR (ID_PROVEEDOR,NOMBRE_PROVEEDOR,CEDULA) VALUES (1060,'Sollicitudin PC',296482);
INSERT INTO PROVEEDOR (ID_PROVEEDOR,NOMBRE_PROVEEDOR,CEDULA) VALUES (1061,'Duis Risus Odio Foundation',313617);
INSERT INTO PROVEEDOR (ID_PROVEEDOR,NOMBRE_PROVEEDOR,CEDULA) VALUES (1062,'Id Enim Ltd',254697);
INSERT INTO PROVEEDOR (ID_PROVEEDOR,NOMBRE_PROVEEDOR,CEDULA) VALUES (1063,'Mattis Cras Industries',343659);
INSERT INTO PROVEEDOR (ID_PROVEEDOR,NOMBRE_PROVEEDOR,CEDULA) VALUES (1064,'Purus Sapien Associates',347556);
INSERT INTO PROVEEDOR (ID_PROVEEDOR,NOMBRE_PROVEEDOR,CEDULA) VALUES (1065,'Nam Ligula Institute',347517);
INSERT INTO PROVEEDOR (ID_PROVEEDOR,NOMBRE_PROVEEDOR,CEDULA) VALUES (1066,'Ipsum Dolor Sit Company',253751);
INSERT INTO PROVEEDOR (ID_PROVEEDOR,NOMBRE_PROVEEDOR,CEDULA) VALUES (1067,'Nibh Lacinia LLP',263622);
INSERT INTO PROVEEDOR (ID_PROVEEDOR,NOMBRE_PROVEEDOR,CEDULA) VALUES (1068,'Mi Associates',282797);
INSERT INTO PROVEEDOR (ID_PROVEEDOR,NOMBRE_PROVEEDOR,CEDULA) VALUES (1069,'Lacus Cras Interdum Corp.',294023);
INSERT INTO PROVEEDOR (ID_PROVEEDOR,NOMBRE_PROVEEDOR,CEDULA) VALUES (1070,'Ante Consulting',311995);
INSERT INTO PROVEEDOR (ID_PROVEEDOR,NOMBRE_PROVEEDOR,CEDULA) VALUES (1071,'Id Incorporated',327958);
INSERT INTO PROVEEDOR (ID_PROVEEDOR,NOMBRE_PROVEEDOR,CEDULA) VALUES (1072,'Pharetra Sed Limited',283668);
INSERT INTO PROVEEDOR (ID_PROVEEDOR,NOMBRE_PROVEEDOR,CEDULA) VALUES (1073,'In Hendrerit Consulting',342482);
INSERT INTO PROVEEDOR (ID_PROVEEDOR,NOMBRE_PROVEEDOR,CEDULA) VALUES (1074,'Dolor Inc.',307887);
INSERT INTO PROVEEDOR (ID_PROVEEDOR,NOMBRE_PROVEEDOR,CEDULA) VALUES (1075,'Ultrices A Company',324698);
INSERT INTO PROVEEDOR (ID_PROVEEDOR,NOMBRE_PROVEEDOR,CEDULA) VALUES (1076,'Pretium Neque Institute',321622);
INSERT INTO PROVEEDOR (ID_PROVEEDOR,NOMBRE_PROVEEDOR,CEDULA) VALUES (1077,'Sed Id Risus Corp.',312931);
INSERT INTO PROVEEDOR (ID_PROVEEDOR,NOMBRE_PROVEEDOR,CEDULA) VALUES (1078,'Per Inceptos Hymenaeos Consulting',316892);
INSERT INTO PROVEEDOR (ID_PROVEEDOR,NOMBRE_PROVEEDOR,CEDULA) VALUES (1079,'Purus In Molestie Inc.',347431);
INSERT INTO PROVEEDOR (ID_PROVEEDOR,NOMBRE_PROVEEDOR,CEDULA) VALUES (1080,'Lorem Tristique Ltd',265826);
INSERT INTO PROVEEDOR (ID_PROVEEDOR,NOMBRE_PROVEEDOR,CEDULA) VALUES (1081,'Nunc Commodo Auctor Industries',279508);
INSERT INTO PROVEEDOR (ID_PROVEEDOR,NOMBRE_PROVEEDOR,CEDULA) VALUES (1082,'Arcu Sed Corp.',344462);
INSERT INTO PROVEEDOR (ID_PROVEEDOR,NOMBRE_PROVEEDOR,CEDULA) VALUES (1083,'Consequat Dolor Company',307481);
INSERT INTO PROVEEDOR (ID_PROVEEDOR,NOMBRE_PROVEEDOR,CEDULA) VALUES (1084,'Mattis Institute',348078);
INSERT INTO PROVEEDOR (ID_PROVEEDOR,NOMBRE_PROVEEDOR,CEDULA) VALUES (1085,'Massa Vestibulum Accumsan Corporation',343950);
INSERT INTO PROVEEDOR (ID_PROVEEDOR,NOMBRE_PROVEEDOR,CEDULA) VALUES (1086,'Elit Institute',259959);
INSERT INTO PROVEEDOR (ID_PROVEEDOR,NOMBRE_PROVEEDOR,CEDULA) VALUES (1087,'Et Commodo LLP',309151);
INSERT INTO PROVEEDOR (ID_PROVEEDOR,NOMBRE_PROVEEDOR,CEDULA) VALUES (1088,'Aenean Sed LLP',328295);
INSERT INTO PROVEEDOR (ID_PROVEEDOR,NOMBRE_PROVEEDOR,CEDULA) VALUES (1089,'Aliquam Iaculis Lacus Ltd',335474);
INSERT INTO PROVEEDOR (ID_PROVEEDOR,NOMBRE_PROVEEDOR,CEDULA) VALUES (1090,'Montes Nascetur Company',273420);
INSERT INTO PROVEEDOR (ID_PROVEEDOR,NOMBRE_PROVEEDOR,CEDULA) VALUES (1091,'Feugiat Tellus Lorem Institute',312290);
INSERT INTO PROVEEDOR (ID_PROVEEDOR,NOMBRE_PROVEEDOR,CEDULA) VALUES (1092,'Enim Condimentum Eget Institute',265631);
INSERT INTO PROVEEDOR (ID_PROVEEDOR,NOMBRE_PROVEEDOR,CEDULA) VALUES (1093,'A Corporation',291227);
INSERT INTO PROVEEDOR (ID_PROVEEDOR,NOMBRE_PROVEEDOR,CEDULA) VALUES (1094,'Nec Ltd',333327);
INSERT INTO PROVEEDOR (ID_PROVEEDOR,NOMBRE_PROVEEDOR,CEDULA) VALUES (1095,'Morbi Quis Urna Incorporated',279933);
INSERT INTO PROVEEDOR (ID_PROVEEDOR,NOMBRE_PROVEEDOR,CEDULA) VALUES (1096,'Primis In Faucibus PC',301495);
INSERT INTO PROVEEDOR (ID_PROVEEDOR,NOMBRE_PROVEEDOR,CEDULA) VALUES (1097,'Lacus Quisque Purus Corporation',341426);
INSERT INTO PROVEEDOR (ID_PROVEEDOR,NOMBRE_PROVEEDOR,CEDULA) VALUES (1098,'Ut Corporation',304789);
INSERT INTO PROVEEDOR (ID_PROVEEDOR,NOMBRE_PROVEEDOR,CEDULA) VALUES (1099,'Mauris Ut Corporation',332135);
INSERT INTO PROVEEDOR (ID_PROVEEDOR,NOMBRE_PROVEEDOR,CEDULA) VALUES (1100,'Eu Euismod Ac Consulting',284772);

CREATE TABLE VENTAS(
ID_VENTAS	      INT PRIMARY KEY,
ID_CLIENTE	    INT,
ID_ARTICULO   	INT,
ID_TIENDA	      INT,
ID_ORDEN	      INT,
ID_PROVEEDOR	  INT,
TOTAL		        INT,
FECHA           DATE,
CANTIDAD        INT,
CONSTRAINT FK_CLI
  FOREIGN KEY (ID_CLIENTE)   REFERENCES CLIENTE(ID_CLIENTE),
CONSTRAINT FK_ART
  FOREIGN KEY (ID_ARTICULO)  REFERENCES ARTICULO(ID_ARTICULO), 
CONSTRAINT FK_TIENDA
  FOREIGN KEY (ID_TIENDA)    REFERENCES TIENDA(ID_TIENDA),
CONSTRAINT FK_ORD
  FOREIGN KEY (ID_ORDEN)     REFERENCES ORDEN(ID_ORDEN), 
CONSTRAINT FK_PROV
  FOREIGN KEY (ID_PROVEEDOR) REFERENCES PROVEEDOR(ID_PROVEEDOR) 
);

DROP TABLE VENTAS;
                        --ID_V CLI ART T OR  PR  TOT ESCAZU 9 CURRI 10
INSERT INTO VENTAS VALUES (100, 1, 5, 9, 11, 15, 5000, TO_DATE('2019/06/20', 'yyyy/mm/dd '), 10);
INSERT INTO VENTAS VALUES (101, 2, 6, 10, 12, 16, 1000, TO_DATE('2019/06/21', 'yyyy/mm/dd '), 9);
INSERT INTO VENTAS VALUES (102, 3, 7, 9, 13, 17, 7000, TO_DATE('2019/10/22', 'yyyy/mm/dd '), 8);
INSERT INTO VENTAS VALUES (103, 4, 8, 10, 14, 18, 76000, TO_DATE('2018/04/23', 'yyyy/mm/dd '), 5);

COMMIT;




