CREATE TABLE CLIENTE (
ID_CLIENTE	  INT PRIMARY KEY,
NOMBRE		    VARCHAR2(50),
APELLIDO	    VARCHAR2(50),
DIRECCION	    VARCHAR2(500),
TELEFONO      VARCHAR2(50),
CORREO        VARCHAR2(100)
);

DROP TABLE CLIENTE;

insert into CLIENTE (ID_CLIENTE, NOMBRE, APELLIDO, DIRECCION, TELEFONO, CORREO) values (1, 'Carlita', 'Lothean', '29 Novick Junction', '6497475258', 'clothean0@merriam-webster.com');
insert into CLIENTE (ID_CLIENTE, NOMBRE, APELLIDO, DIRECCION, TELEFONO, CORREO) values (2, 'Lin', 'Timblett', '6 Larry Terrace', '6476011803', 'ltimblett1@ucla.edu');
insert into CLIENTE (ID_CLIENTE, NOMBRE, APELLIDO, DIRECCION, TELEFONO, CORREO) values (3, 'Arturo', 'Murrock', '6 Dovetail Hill', '3919099603', 'amurrock2@gizmodo.com');
insert into CLIENTE (ID_CLIENTE, NOMBRE, APELLIDO, DIRECCION, TELEFONO, CORREO) values (4, 'Alister', 'Slator', '8 Melby Parkway', '9642782750', 'aslator3@typepad.com');
insert into CLIENTE (ID_CLIENTE, NOMBRE, APELLIDO, DIRECCION, TELEFONO, CORREO) values (5, 'Dody', 'Heindrick', '9 Fulton Avenue', '8366816356', 'dheindrick4@icio.us');
insert into CLIENTE (ID_CLIENTE, NOMBRE, APELLIDO, DIRECCION, TELEFONO, CORREO) values (6, 'Wit', 'Liven', '72 Main Parkway', '2558822693', 'wliven5@plala.or.jp');
insert into CLIENTE (ID_CLIENTE, NOMBRE, APELLIDO, DIRECCION, TELEFONO, CORREO) values (7, 'Torie', 'Harber', '14 Graedel Plaza', '4904102938', 'tharber6@salon.com');
insert into CLIENTE (ID_CLIENTE, NOMBRE, APELLIDO, DIRECCION, TELEFONO, CORREO) values (8, 'Susette', 'Olivera', '8596 Fallview Terrace', '1537664197', 'solivera7@phpbb.com');
insert into CLIENTE (ID_CLIENTE, NOMBRE, APELLIDO, DIRECCION, TELEFONO, CORREO) values (9, 'Krissy', 'Locket', '8 Ridgeview Junction', '4886476727', 'klocket8@gravatar.com');
insert into CLIENTE (ID_CLIENTE, NOMBRE, APELLIDO, DIRECCION, TELEFONO, CORREO) values (10, 'Carson', 'McGiven', '559 Hagan Trail', '4562888355', 'cmcgiven9@topsy.com');
insert into CLIENTE (ID_CLIENTE, NOMBRE, APELLIDO, DIRECCION, TELEFONO, CORREO) values (11, 'Elfrieda', 'Gori', '00 Shopko Crossing', '4074105655', 'egoria@ucla.edu');
insert into CLIENTE (ID_CLIENTE, NOMBRE, APELLIDO, DIRECCION, TELEFONO, CORREO) values (12, 'Harmon', 'Donaway', '93493 Kingsford Hill', '7026666510', 'hdonawayb@chronoengine.com');
insert into CLIENTE (ID_CLIENTE, NOMBRE, APELLIDO, DIRECCION, TELEFONO, CORREO) values (13, 'Joellen', 'Suddaby', '462 Red Cloud Circle', '3265861603', 'jsuddabyc@cdbaby.com');
insert into CLIENTE (ID_CLIENTE, NOMBRE, APELLIDO, DIRECCION, TELEFONO, CORREO) values (14, 'Ursula', 'Barks', '268 Muir Junction', '3122706556', 'ubarksd@wikimedia.org');
insert into CLIENTE (ID_CLIENTE, NOMBRE, APELLIDO, DIRECCION, TELEFONO, CORREO) values (15, 'Wandis', 'Antonietti', '40 Southridge Plaza', '8121712627', 'wantoniettie@jalbum.net');
insert into CLIENTE (ID_CLIENTE, NOMBRE, APELLIDO, DIRECCION, TELEFONO, CORREO) values (16, 'Randi', 'Baxstair', '4 Tony Avenue', '9759474159', 'rbaxstairf@imgur.com');
insert into CLIENTE (ID_CLIENTE, NOMBRE, APELLIDO, DIRECCION, TELEFONO, CORREO) values (17, 'Klarrisa', 'Pilipets', '80941 Melby Plaza', '2439561238', 'kpilipetsg@usa.gov');
insert into CLIENTE (ID_CLIENTE, NOMBRE, APELLIDO, DIRECCION, TELEFONO, CORREO) values (18, 'Sheila', 'Rablan', '2 Blaine Pass', '5563746814', 'srablanh@de.vu');
insert into CLIENTE (ID_CLIENTE, NOMBRE, APELLIDO, DIRECCION, TELEFONO, CORREO) values (19, 'Tedie', 'Lindner', '02395 Fulton Plaza', '9084649237', 'tlindneri@ehow.com');
insert into CLIENTE (ID_CLIENTE, NOMBRE, APELLIDO, DIRECCION, TELEFONO, CORREO) values (20, 'Cherice', 'Bontein', '37709 Carioca Junction', '1097131863', 'cbonteinj@washington.edu');
insert into CLIENTE (ID_CLIENTE, NOMBRE, APELLIDO, DIRECCION, TELEFONO, CORREO) values (21, 'Gerhard', 'Jefferson', '2 5th Road', '9603788588', 'gjeffersonk@tumblr.com');
insert into CLIENTE (ID_CLIENTE, NOMBRE, APELLIDO, DIRECCION, TELEFONO, CORREO) values (22, 'Gillan', 'Somerled', '306 Portage Place', '8179298904', 'gsomerledl@dailymotion.com');
insert into CLIENTE (ID_CLIENTE, NOMBRE, APELLIDO, DIRECCION, TELEFONO, CORREO) values (23, 'Gerta', 'Standbrook', '42 New Castle Center', '8953065248', 'gstandbrookm@marketwatch.com');
insert into CLIENTE (ID_CLIENTE, NOMBRE, APELLIDO, DIRECCION, TELEFONO, CORREO) values (24, 'Diann', 'Toping', '46980 Lindbergh Road', '6808118291', 'dtopingn@flickr.com');
insert into CLIENTE (ID_CLIENTE, NOMBRE, APELLIDO, DIRECCION, TELEFONO, CORREO) values (25, 'Editha', 'Catto', '691 John Wall Terrace', '4314970568', 'ecattoo@shinystat.com');
insert into CLIENTE (ID_CLIENTE, NOMBRE, APELLIDO, DIRECCION, TELEFONO, CORREO) values (26, 'Billy', 'Mepham', '56 Sunbrook Street', '6488859825', 'bmephamp@mozilla.com');
insert into CLIENTE (ID_CLIENTE, NOMBRE, APELLIDO, DIRECCION, TELEFONO, CORREO) values (27, 'Page', 'Freckingham', '4191 Valley Edge Hill', '4001525378', 'pfreckinghamq@hao123.com');
insert into CLIENTE (ID_CLIENTE, NOMBRE, APELLIDO, DIRECCION, TELEFONO, CORREO) values (28, 'Brigid', 'Caudray', '28238 Gerald Park', '3278383401', 'bcaudrayr@cargocollective.com');
insert into CLIENTE (ID_CLIENTE, NOMBRE, APELLIDO, DIRECCION, TELEFONO, CORREO) values (29, 'Jessamine', 'Stollenbecker', '6 Meadow Valley Center', '1701883920', 'jstollenbeckers@ifeng.com');
insert into CLIENTE (ID_CLIENTE, NOMBRE, APELLIDO, DIRECCION, TELEFONO, CORREO) values (30, 'Berti', 'Woffenden', '607 Novick Hill', '6478493632', 'bwoffendent@godaddy.com');
insert into CLIENTE (ID_CLIENTE, NOMBRE, APELLIDO, DIRECCION, TELEFONO, CORREO) values (31, 'Francesca', 'Catley', '6 Bashford Street', '1199090478', 'fcatleyu@mlb.com');
insert into CLIENTE (ID_CLIENTE, NOMBRE, APELLIDO, DIRECCION, TELEFONO, CORREO) values (32, 'Hall', 'Frowd', '81 Spaight Hill', '1809672301', 'hfrowdv@infoseek.co.jp');
insert into CLIENTE (ID_CLIENTE, NOMBRE, APELLIDO, DIRECCION, TELEFONO, CORREO) values (33, 'Sybil', 'Ramas', '2117 Northport Center', '8202690676', 'sramasw@instagram.com');
insert into CLIENTE (ID_CLIENTE, NOMBRE, APELLIDO, DIRECCION, TELEFONO, CORREO) values (34, 'George', 'Burcombe', '0595 Troy Parkway', '2829152678', 'gburcombex@ameblo.jp');
insert into CLIENTE (ID_CLIENTE, NOMBRE, APELLIDO, DIRECCION, TELEFONO, CORREO) values (35, 'Barbey', 'Radwell', '54399 Carpenter Street', '6463912894', 'bradwelly@yahoo.com');
insert into CLIENTE (ID_CLIENTE, NOMBRE, APELLIDO, DIRECCION, TELEFONO, CORREO) values (36, 'Wash', 'Leyson', '081 Portage Terrace', '4658220552', 'wleysonz@nationalgeographic.com');
insert into CLIENTE (ID_CLIENTE, NOMBRE, APELLIDO, DIRECCION, TELEFONO, CORREO) values (37, 'Orbadiah', 'Donwell', '81314 Dottie Street', '3264772951', 'odonwell10@tripadvisor.com');
insert into CLIENTE (ID_CLIENTE, NOMBRE, APELLIDO, DIRECCION, TELEFONO, CORREO) values (38, 'Waylan', 'Pipes', '71910 Debra Plaza', '7044250348', 'wpipes11@gov.uk');
insert into CLIENTE (ID_CLIENTE, NOMBRE, APELLIDO, DIRECCION, TELEFONO, CORREO) values (39, 'Bondie', 'Tripney', '77438 Warrior Parkway', '2826293509', 'btripney12@blogspot.com');
insert into CLIENTE (ID_CLIENTE, NOMBRE, APELLIDO, DIRECCION, TELEFONO, CORREO) values (40, 'Karee', 'Draye', '7021 Service Court', '9114322104', 'kdraye13@msu.edu');
insert into CLIENTE (ID_CLIENTE, NOMBRE, APELLIDO, DIRECCION, TELEFONO, CORREO) values (41, 'Richardo', 'Visick', '18325 David Terrace', '9255154022', 'rvisick14@ocn.ne.jp');
insert into CLIENTE (ID_CLIENTE, NOMBRE, APELLIDO, DIRECCION, TELEFONO, CORREO) values (42, 'Ulberto', 'Taborre', '902 Sunnyside Trail', '4681405452', 'utaborre15@posterous.com');
insert into CLIENTE (ID_CLIENTE, NOMBRE, APELLIDO, DIRECCION, TELEFONO, CORREO) values (43, 'Lelah', 'Ivchenko', '358 Mitchell Hill', '7299321567', 'livchenko16@europa.eu');
insert into CLIENTE (ID_CLIENTE, NOMBRE, APELLIDO, DIRECCION, TELEFONO, CORREO) values (44, 'Dev', 'Swinfen', '702 Green Junction', '7399632324', 'dswinfen17@disqus.com');
insert into CLIENTE (ID_CLIENTE, NOMBRE, APELLIDO, DIRECCION, TELEFONO, CORREO) values (45, 'Eveleen', 'Appleyard', '58 Waxwing Crossing', '4392675583', 'eappleyard18@adobe.com');
insert into CLIENTE (ID_CLIENTE, NOMBRE, APELLIDO, DIRECCION, TELEFONO, CORREO) values (46, 'Serge', 'Crees', '71 Dahle Drive', '2966551018', 'screes19@amazon.co.jp');
insert into CLIENTE (ID_CLIENTE, NOMBRE, APELLIDO, DIRECCION, TELEFONO, CORREO) values (47, 'Bondy', 'Bayly', '209 Pepper Wood Center', '3726494594', 'bbayly1a@technorati.com');
insert into CLIENTE (ID_CLIENTE, NOMBRE, APELLIDO, DIRECCION, TELEFONO, CORREO) values (48, 'Cinda', 'Kobke', '197 Warrior Road', '8231922396', 'ckobke1b@jigsy.com');
insert into CLIENTE (ID_CLIENTE, NOMBRE, APELLIDO, DIRECCION, TELEFONO, CORREO) values (49, 'Lindi', 'Crockley', '99835 Holmberg Center', '6395792810', 'lcrockley1c@walmart.com');
insert into CLIENTE (ID_CLIENTE, NOMBRE, APELLIDO, DIRECCION, TELEFONO, CORREO) values (50, 'Darn', 'Erricker', '7151 Walton Crossing', '2171809698', 'derricker1d@google.com.br');
insert into CLIENTE (ID_CLIENTE, NOMBRE, APELLIDO, DIRECCION, TELEFONO, CORREO) values (51, 'Carolus', 'Livingstone', '37656 Northfield Plaza', '9936524243', 'clivingstone1e@icio.us');
insert into CLIENTE (ID_CLIENTE, NOMBRE, APELLIDO, DIRECCION, TELEFONO, CORREO) values (52, 'Shane', 'Jakubowicz', '02 Red Cloud Parkway', '3541321108', 'sjakubowicz1f@quantcast.com');
insert into CLIENTE (ID_CLIENTE, NOMBRE, APELLIDO, DIRECCION, TELEFONO, CORREO) values (53, 'Allegra', 'Beechcraft', '3922 Mendota Park', '7139659074', 'abeechcraft1g@tinypic.com');
insert into CLIENTE (ID_CLIENTE, NOMBRE, APELLIDO, DIRECCION, TELEFONO, CORREO) values (54, 'Salvador', 'Quayle', '7 Carpenter Court', '5122773320', 'squayle1h@ftc.gov');
insert into CLIENTE (ID_CLIENTE, NOMBRE, APELLIDO, DIRECCION, TELEFONO, CORREO) values (55, 'Knox', 'Blackledge', '1 Fuller Plaza', '3564954806', 'kblackledge1i@bigcartel.com');
insert into CLIENTE (ID_CLIENTE, NOMBRE, APELLIDO, DIRECCION, TELEFONO, CORREO) values (56, 'Mellie', 'Huc', '51580 Debra Alley', '6426584918', 'mhuc1j@fotki.com');
insert into CLIENTE (ID_CLIENTE, NOMBRE, APELLIDO, DIRECCION, TELEFONO, CORREO) values (57, 'Ase', 'Nettle', '09544 Dwight Circle', '2713226279', 'anettle1k@liveinternet.ru');
insert into CLIENTE (ID_CLIENTE, NOMBRE, APELLIDO, DIRECCION, TELEFONO, CORREO) values (58, 'Daveta', 'Harris', '57 6th Parkway', '9626970190', 'dharris1l@sfgate.com');
insert into CLIENTE (ID_CLIENTE, NOMBRE, APELLIDO, DIRECCION, TELEFONO, CORREO) values (59, 'Ringo', 'Kittiman', '3263 Anthes Pass', '9768204089', 'rkittiman1m@senate.gov');
insert into CLIENTE (ID_CLIENTE, NOMBRE, APELLIDO, DIRECCION, TELEFONO, CORREO) values (60, 'Cyrill', 'Galle', '77803 Judy Road', '2009490807', 'cgalle1n@chronoengine.com');
insert into CLIENTE (ID_CLIENTE, NOMBRE, APELLIDO, DIRECCION, TELEFONO, CORREO) values (61, 'Jeffie', 'Pellingar', '45 Fair Oaks Terrace', '1273646176', 'jpellingar1o@technorati.com');
insert into CLIENTE (ID_CLIENTE, NOMBRE, APELLIDO, DIRECCION, TELEFONO, CORREO) values (62, 'Arron', 'Fowls', '12 Eggendart Trail', '7147739663', 'afowls1p@foxnews.com');
insert into CLIENTE (ID_CLIENTE, NOMBRE, APELLIDO, DIRECCION, TELEFONO, CORREO) values (63, 'Marney', 'Pickover', '3899 2nd Center', '7776351538', 'mpickover1q@phpbb.com');
insert into CLIENTE (ID_CLIENTE, NOMBRE, APELLIDO, DIRECCION, TELEFONO, CORREO) values (64, 'Dotti', 'Cockshut', '88 7th Lane', '3099394166', 'dcockshut1r@typepad.com');
insert into CLIENTE (ID_CLIENTE, NOMBRE, APELLIDO, DIRECCION, TELEFONO, CORREO) values (65, 'Loren', 'Barten', '4 Texas Terrace', '5078582643', 'lbarten1s@salon.com');
insert into CLIENTE (ID_CLIENTE, NOMBRE, APELLIDO, DIRECCION, TELEFONO, CORREO) values (66, 'Sergeant', 'Raper', '5279 Truax Point', '6376319988', 'sraper1t@usnews.com');
insert into CLIENTE (ID_CLIENTE, NOMBRE, APELLIDO, DIRECCION, TELEFONO, CORREO) values (67, 'Korie', 'Yurinov', '0086 6th Trail', '2252551368', 'kyurinov1u@newsvine.com');
insert into CLIENTE (ID_CLIENTE, NOMBRE, APELLIDO, DIRECCION, TELEFONO, CORREO) values (68, 'Annissa', 'Scotts', '2 Columbus Park', '5809907827', 'ascotts1v@howstuffworks.com');
insert into CLIENTE (ID_CLIENTE, NOMBRE, APELLIDO, DIRECCION, TELEFONO, CORREO) values (69, 'Mohammed', 'Tampion', '408 Parkside Plaza', '5804369092', 'mtampion1w@mozilla.com');
insert into CLIENTE (ID_CLIENTE, NOMBRE, APELLIDO, DIRECCION, TELEFONO, CORREO) values (70, 'Kermit', 'Russ', '75 Milwaukee Center', '7134038800', 'kruss1x@fastcompany.com');
insert into CLIENTE (ID_CLIENTE, NOMBRE, APELLIDO, DIRECCION, TELEFONO, CORREO) values (71, 'Mel', 'Adame', '4457 Moose Circle', '2095223538', 'madame1y@macromedia.com');
insert into CLIENTE (ID_CLIENTE, NOMBRE, APELLIDO, DIRECCION, TELEFONO, CORREO) values (72, 'Deanne', 'Brucker', '07 Redwing Street', '8731999862', 'dbrucker1z@geocities.com');
insert into CLIENTE (ID_CLIENTE, NOMBRE, APELLIDO, DIRECCION, TELEFONO, CORREO) values (73, 'Gianina', 'Isworth', '60 Fieldstone Hill', '8173569524', 'gisworth20@etsy.com');
insert into CLIENTE (ID_CLIENTE, NOMBRE, APELLIDO, DIRECCION, TELEFONO, CORREO) values (74, 'Salomon', 'Wordsley', '67106 Cardinal Park', '4249927887', 'swordsley21@nih.gov');
insert into CLIENTE (ID_CLIENTE, NOMBRE, APELLIDO, DIRECCION, TELEFONO, CORREO) values (75, 'Bennie', 'Willoughley', '5501 Kim Parkway', '6076271093', 'bwilloughley22@usnews.com');
insert into CLIENTE (ID_CLIENTE, NOMBRE, APELLIDO, DIRECCION, TELEFONO, CORREO) values (76, 'Lilli', 'Tuffell', '3 Nobel Court', '8668851830', 'ltuffell23@amazon.co.jp');
insert into CLIENTE (ID_CLIENTE, NOMBRE, APELLIDO, DIRECCION, TELEFONO, CORREO) values (77, 'Brittni', 'Sparhawk', '80200 Homewood Hill', '7747526830', 'bsparhawk24@senate.gov');
insert into CLIENTE (ID_CLIENTE, NOMBRE, APELLIDO, DIRECCION, TELEFONO, CORREO) values (78, 'Giordano', 'Kennett', '76118 Boyd Court', '7829580985', 'gkennett25@freewebs.com');
insert into CLIENTE (ID_CLIENTE, NOMBRE, APELLIDO, DIRECCION, TELEFONO, CORREO) values (79, 'Edeline', 'Furber', '5 Hansons Road', '9593518285', 'efurber26@gnu.org');
insert into CLIENTE (ID_CLIENTE, NOMBRE, APELLIDO, DIRECCION, TELEFONO, CORREO) values (80, 'Germana', 'Allwood', '987 Mosinee Drive', '3468929625', 'gallwood27@auda.org.au');
insert into CLIENTE (ID_CLIENTE, NOMBRE, APELLIDO, DIRECCION, TELEFONO, CORREO) values (81, 'Sharron', 'Cadreman', '5247 Harbort Road', '7351529906', 'scadreman28@trellian.com');
insert into CLIENTE (ID_CLIENTE, NOMBRE, APELLIDO, DIRECCION, TELEFONO, CORREO) values (82, 'Ramsay', 'Mickelwright', '116 Granby Circle', '6551333713', 'rmickelwright29@foxnews.com');
insert into CLIENTE (ID_CLIENTE, NOMBRE, APELLIDO, DIRECCION, TELEFONO, CORREO) values (83, 'Yolande', 'Bartleet', '835 Forest Dale Court', '9661510752', 'ybartleet2a@umich.edu');
insert into CLIENTE (ID_CLIENTE, NOMBRE, APELLIDO, DIRECCION, TELEFONO, CORREO) values (84, 'Gerianna', 'Jewise', '5 South Crossing', '5595763856', 'gjewise2b@nifty.com');
insert into CLIENTE (ID_CLIENTE, NOMBRE, APELLIDO, DIRECCION, TELEFONO, CORREO) values (85, 'Lesley', 'Canfer', '3624 Moulton Road', '1898017990', 'lcanfer2c@sogou.com');
insert into CLIENTE (ID_CLIENTE, NOMBRE, APELLIDO, DIRECCION, TELEFONO, CORREO) values (86, 'Salome', 'Avory', '163 Tony Hill', '9669941385', 'savory2d@usnews.com');
insert into CLIENTE (ID_CLIENTE, NOMBRE, APELLIDO, DIRECCION, TELEFONO, CORREO) values (87, 'Imelda', 'McKnish', '4 Delaware Court', '8861288857', 'imcknish2e@walmart.com');
insert into CLIENTE (ID_CLIENTE, NOMBRE, APELLIDO, DIRECCION, TELEFONO, CORREO) values (88, 'Erminie', 'Brazelton', '02247 Fair Oaks Plaza', '5028106134', 'ebrazelton2f@soup.io');
insert into CLIENTE (ID_CLIENTE, NOMBRE, APELLIDO, DIRECCION, TELEFONO, CORREO) values (89, 'Jedd', 'Kermeen', '1 Packers Terrace', '7025619441', 'jkermeen2g@cbc.ca');
insert into CLIENTE (ID_CLIENTE, NOMBRE, APELLIDO, DIRECCION, TELEFONO, CORREO) values (90, 'Bea', 'McJury', '2 Corscot Plaza', '4413747481', 'bmcjury2h@jimdo.com');
insert into CLIENTE (ID_CLIENTE, NOMBRE, APELLIDO, DIRECCION, TELEFONO, CORREO) values (91, 'Benoit', 'Ghidetti', '870 Declaration Circle', '1397181397', 'bghidetti2i@jigsy.com');
insert into CLIENTE (ID_CLIENTE, NOMBRE, APELLIDO, DIRECCION, TELEFONO, CORREO) values (92, 'Blanca', 'Oxlade', '6342 Manitowish Pass', '4495955537', 'boxlade2j@mashable.com');
insert into CLIENTE (ID_CLIENTE, NOMBRE, APELLIDO, DIRECCION, TELEFONO, CORREO) values (93, 'Josee', 'Stoite', '3876 Packers Alley', '2885965185', 'jstoite2k@tinypic.com');
insert into CLIENTE (ID_CLIENTE, NOMBRE, APELLIDO, DIRECCION, TELEFONO, CORREO) values (94, 'Sawyere', 'Judge', '015 Grayhawk Park', '7601424142', 'sjudge2l@t.co');
insert into CLIENTE (ID_CLIENTE, NOMBRE, APELLIDO, DIRECCION, TELEFONO, CORREO) values (95, 'Stanly', 'Worms', '08 Debs Place', '9435460379', 'sworms2m@yelp.com');
insert into CLIENTE (ID_CLIENTE, NOMBRE, APELLIDO, DIRECCION, TELEFONO, CORREO) values (96, 'Nerte', 'Collin', '0008 Susan Center', '2845482248', 'ncollin2n@theguardian.com');
insert into CLIENTE (ID_CLIENTE, NOMBRE, APELLIDO, DIRECCION, TELEFONO, CORREO) values (97, 'Hanna', 'Postlethwaite', '611 Killdeer Plaza', '6397542981', 'hpostlethwaite2o@facebook.com');
insert into CLIENTE (ID_CLIENTE, NOMBRE, APELLIDO, DIRECCION, TELEFONO, CORREO) values (98, 'Dyna', 'Dace', '4865 Acker Circle', '9936625898', 'ddace2p@unicef.org');
insert into CLIENTE (ID_CLIENTE, NOMBRE, APELLIDO, DIRECCION, TELEFONO, CORREO) values (99, 'Rosie', 'Lux', '5 John Wall Alley', '6137895608', 'rlux2q@vistaprint.com');
insert into CLIENTE (ID_CLIENTE, NOMBRE, APELLIDO, DIRECCION, TELEFONO, CORREO) values (100, 'Else', 'Flaherty', '674 Laurel Circle', '4394412294', 'eflaherty2r@google.com');



CREATE TABLE ARTICULO (
ID_ARTICULO	      INT PRIMARY KEY,
NOMBRE		        VARCHAR2(50),
PRECIO		        DECIMAL,
INVENTARIO	      INT,
TIPO_CERVEZA	    VARCHAR2(50)
);

DROP TABLE ARTICULO;

INSERT INTO ARTICULO (ID_ARTICULO, NOMBRE, PRECIO, INVENTARIO, TIPO_CERVEZA) values (1, 'Kurakanan Cranbeek', 1250, 63, 'LAGER');
INSERT INTO ARTICULO (ID_ARTICULO, NOMBRE, PRECIO, INVENTARIO, TIPO_CERVEZA) values (2, 'Kurakanan Curuba', 1250, 45, 'ALE');
INSERT INTO ARTICULO (ID_ARTICULO, NOMBRE, PRECIO, INVENTARIO, TIPO_CERVEZA) values (3, 'Tierra y Libertad Rain is Falling', 1500, 50, 'ALE');
INSERT INTO ARTICULO (ID_ARTICULO, NOMBRE, PRECIO, INVENTARIO, TIPO_CERVEZA) values (4, 'Tierra y Libertad InMorai', 1500, 48, 'STOUT');
INSERT INTO ARTICULO (ID_ARTICULO, NOMBRE, PRECIO, INVENTARIO, TIPO_CERVEZA) values (5, 'Los de Arriba LLorona', 1400, 65, 'Abadia');
INSERT INTO ARTICULO (ID_ARTICULO, NOMBRE, PRECIO, INVENTARIO, TIPO_CERVEZA) values (6, 'Cervecera del Centro Ambar Premium Pilsner', 1125, 70, 'LAGER');
INSERT INTO ARTICULO (ID_ARTICULO, NOMBRE, PRECIO, INVENTARIO, TIPO_CERVEZA) values (7, 'Beer Designers Cuernejo', 1265, 35, 'ALE');
INSERT INTO ARTICULO (ID_ARTICULO, NOMBRE, PRECIO, INVENTARIO, TIPO_CERVEZA) values (8, 'Beer Designers Toroso', 1265, 25, 'ALE');
INSERT INTO ARTICULO (ID_ARTICULO, NOMBRE, PRECIO, INVENTARIO, TIPO_CERVEZA) values (9, 'Beer Designers Buyote', 1265, 30, 'ALE');
INSERT INTO ARTICULO (ID_ARTICULO, NOMBRE, PRECIO, INVENTARIO, TIPO_CERVEZA) values (10, 'La Lechuza Belgain Stout', 1450, 41, 'STOUT');
INSERT INTO ARTICULO (ID_ARTICULO, NOMBRE, PRECIO, INVENTARIO, TIPO_CERVEZA) values (11, 'La Lechuza Golden Ale Maracuya', 1650, 62, 'ALE');
INSERT INTO ARTICULO (ID_ARTICULO, NOMBRE, PRECIO, INVENTARIO, TIPO_CERVEZA) values (12, 'Tierra y Libertad Caribbean Witbier', 1345, 48, 'ALE');
INSERT INTO ARTICULO (ID_ARTICULO, NOMBRE, PRECIO, INVENTARIO, TIPO_CERVEZA) values (13, 'Gracia Mística', 1200, 36, 'STOUT');
INSERT INTO ARTICULO (ID_ARTICULO, NOMBRE, PRECIO, INVENTARIO, TIPO_CERVEZA) values (14, 'Gracia Marona', 1200, 26, 'ALE');
INSERT INTO ARTICULO (ID_ARTICULO, NOMBRE, PRECIO, INVENTARIO, TIPO_CERVEZA) values (15, 'Gracia Alba Summer Ale', 1150, 35, 'ALE');
INSERT INTO ARTICULO (ID_ARTICULO, NOMBRE, PRECIO, INVENTARIO, TIPO_CERVEZA) values (16, 'La Lechuza Golden Ale', 1500, 66, 'ALE');
INSERT INTO ARTICULO (ID_ARTICULO, NOMBRE, PRECIO, INVENTARIO, TIPO_CERVEZA) values (17, 'Cervecera del Centro Trigueña', 1350, 42, 'ALE');
INSERT INTO ARTICULO (ID_ARTICULO, NOMBRE, PRECIO, INVENTARIO, TIPO_CERVEZA) values (18, 'Cervecera del Centro Onix', 1350, 10, 'STOUT');
INSERT INTO ARTICULO (ID_ARTICULO, NOMBRE, PRECIO, INVENTARIO, TIPO_CERVEZA) values (19, 'Cervecera del Centro Ambar', 1350, 69, 'LAGER');
INSERT INTO ARTICULO (ID_ARTICULO, NOMBRE, PRECIO, INVENTARIO, TIPO_CERVEZA) values (20, 'La Selva Papi', 1250, 12, 'STOUT');
INSERT INTO ARTICULO (ID_ARTICULO, NOMBRE, PRECIO, INVENTARIO, TIPO_CERVEZA) values (21, 'Treintaycinco Majadera', 1150, 45, 'ALE');
INSERT INTO ARTICULO (ID_ARTICULO, NOMBRE, PRECIO, INVENTARIO, TIPO_CERVEZA) values (22, 'Treintaycinco La Pelona', 1150, 36, 'ALE');
INSERT INTO ARTICULO (ID_ARTICULO, NOMBRE, PRECIO, INVENTARIO, TIPO_CERVEZA) values (23, 'Treintaycinco Malportada', 1150, 22, 'ALE');
INSERT INTO ARTICULO (ID_ARTICULO, NOMBRE, PRECIO, INVENTARIO, TIPO_CERVEZA) values (24, 'Treintaycinco Japiendin', 1150, 25, 'ALE');
INSERT INTO ARTICULO (ID_ARTICULO, NOMBRE, PRECIO, INVENTARIO, TIPO_CERVEZA) values (25, 'Treintaycinco Tumba Calzones', 1150, 21, 'ALE');
INSERT INTO ARTICULO (ID_ARTICULO, NOMBRE, PRECIO, INVENTARIO, TIPO_CERVEZA) values (26, 'Treintaycinco Maldita Vida', 1150, 63, 'ALE');
INSERT INTO ARTICULO (ID_ARTICULO, NOMBRE, PRECIO, INVENTARIO, TIPO_CERVEZA) values (27, 'Treintaycinco Lora', 1150, 64, 'ALE');
INSERT INTO ARTICULO (ID_ARTICULO, NOMBRE, PRECIO, INVENTARIO, TIPO_CERVEZA) values (28, 'Treintaycinco Mamacandela', 1150, 26, 'STOUT');
INSERT INTO ARTICULO (ID_ARTICULO, NOMBRE, PRECIO, INVENTARIO, TIPO_CERVEZA) values (29, 'Costa Rica’s Malacrianza', 1250, 62, 'STOUT');
INSERT INTO ARTICULO (ID_ARTICULO, NOMBRE, PRECIO, INVENTARIO, TIPO_CERVEZA) values (30, 'La Selva Oscura', 1050, 68, 'STOUT');
INSERT INTO ARTICULO (ID_ARTICULO, NOMBRE, PRECIO, INVENTARIO, TIPO_CERVEZA) values (31, 'La Selva Morena', 1050, 28, 'ALE');
INSERT INTO ARTICULO (ID_ARTICULO, NOMBRE, PRECIO, INVENTARIO, TIPO_CERVEZA) values (32, 'La Selva Castaña', 1050, 36, 'STOUT');
INSERT INTO ARTICULO (ID_ARTICULO, NOMBRE, PRECIO, INVENTARIO, TIPO_CERVEZA) values (33, 'La Selva Naranja', 1050, 25, 'ALE');
INSERT INTO ARTICULO (ID_ARTICULO, NOMBRE, PRECIO, INVENTARIO, TIPO_CERVEZA) values (34, 'La Selva Dorada', 1050, 36, 'ALE');
INSERT INTO ARTICULO (ID_ARTICULO, NOMBRE, PRECIO, INVENTARIO, TIPO_CERVEZA) values (35, 'La Selva Rubia', 1050, 56, 'LAGER');
INSERT INTO ARTICULO (ID_ARTICULO, NOMBRE, PRECIO, INVENTARIO, TIPO_CERVEZA) values (36, 'Colimita', 1345, 16, 'ALE');
INSERT INTO ARTICULO (ID_ARTICULO, NOMBRE, PRECIO, INVENTARIO, TIPO_CERVEZA) values (37, 'Jabalí', 1350, 56, 'LAGER');
INSERT INTO ARTICULO (ID_ARTICULO, NOMBRE, PRECIO, INVENTARIO, TIPO_CERVEZA) values (38, 'Atotolin', 1450, 29, 'LAGER');
INSERT INTO ARTICULO (ID_ARTICULO, NOMBRE, PRECIO, INVENTARIO, TIPO_CERVEZA) values (39, 'Cerveza Minerva', 1250, 51, 'ALE');
INSERT INTO ARTICULO (ID_ARTICULO, NOMBRE, PRECIO, INVENTARIO, TIPO_CERVEZA) values (40, 'Tempus', 1150, 16, 'ALE');
INSERT INTO ARTICULO (ID_ARTICULO, NOMBRE, PRECIO, INVENTARIO, TIPO_CERVEZA) values (41, 'Allende', 1100, 18, 'LAGER');
INSERT INTO ARTICULO (ID_ARTICULO, NOMBRE, PRECIO, INVENTARIO, TIPO_CERVEZA) values (42, 'Saga', 1650, 52, 'STOUT');
INSERT INTO ARTICULO (ID_ARTICULO, NOMBRE, PRECIO, INVENTARIO, TIPO_CERVEZA) values (43, 'Catrina', 1450, 66, 'ALE');
INSERT INTO ARTICULO (ID_ARTICULO, NOMBRE, PRECIO, INVENTARIO, TIPO_CERVEZA) values (44, 'Mantarraya', 1425, 36, 'STOUT');
INSERT INTO ARTICULO (ID_ARTICULO, NOMBRE, PRECIO, INVENTARIO, TIPO_CERVEZA) values (45, 'Rámuri', 1550, 15, 'STOUT');
INSERT INTO ARTICULO (ID_ARTICULO, NOMBRE, PRECIO, INVENTARIO, TIPO_CERVEZA) values (46, 'Pepper Strong Ale', 1200, 55, 'ALE');
INSERT INTO ARTICULO (ID_ARTICULO, NOMBRE, PRECIO, INVENTARIO, TIPO_CERVEZA) values (47, 'Soul Rebel', 1400, 52, 'PORTER');
INSERT INTO ARTICULO (ID_ARTICULO, NOMBRE, PRECIO, INVENTARIO, TIPO_CERVEZA) values (48, 'Cranky', 1125, 43, 'ALE');
INSERT INTO ARTICULO (ID_ARTICULO, NOMBRE, PRECIO, INVENTARIO, TIPO_CERVEZA) values (49, 'Red Ipa', 1450, 63, 'ALE');
INSERT INTO ARTICULO (ID_ARTICULO, NOMBRE, PRECIO, INVENTARIO, TIPO_CERVEZA) values (50, 'Mohan', 1425, 25, 'ALE');
INSERT INTO ARTICULO (ID_ARTICULO, NOMBRE, PRECIO, INVENTARIO, TIPO_CERVEZA) values (51, 'Coral', 1325, 56, 'ALE');
INSERT INTO ARTICULO (ID_ARTICULO, NOMBRE, PRECIO, INVENTARIO, TIPO_CERVEZA) values (52, 'Atomic IIPA', 1650, 83, 'ALE');
INSERT INTO ARTICULO (ID_ARTICULO, NOMBRE, PRECIO, INVENTARIO, TIPO_CERVEZA) values (53, 'Porter', 1500, 54, 'PORTER');
INSERT INTO ARTICULO (ID_ARTICULO, NOMBRE, PRECIO, INVENTARIO, TIPO_CERVEZA) values (54, 'American Pale ALe', 1200, 75, 'ALE');
INSERT INTO ARTICULO (ID_ARTICULO, NOMBRE, PRECIO, INVENTARIO, TIPO_CERVEZA) values (55, 'Heroic Ipa', 1125, 69, 'ALE');
INSERT INTO ARTICULO (ID_ARTICULO, NOMBRE, PRECIO, INVENTARIO, TIPO_CERVEZA) values (56, 'Feroz', 1520, 45, 'STOUT');
INSERT INTO ARTICULO (ID_ARTICULO, NOMBRE, PRECIO, INVENTARIO, TIPO_CERVEZA) values (57, 'La Garota', 1325, 48, 'ALE');
INSERT INTO ARTICULO (ID_ARTICULO, NOMBRE, PRECIO, INVENTARIO, TIPO_CERVEZA) values (58, 'Mariche', 1520, 56, 'ALE');
INSERT INTO ARTICULO (ID_ARTICULO, NOMBRE, PRECIO, INVENTARIO, TIPO_CERVEZA) values (59, 'Korkus', 1420, 63, 'ALE');
INSERT INTO ARTICULO (ID_ARTICULO, NOMBRE, PRECIO, INVENTARIO, TIPO_CERVEZA) values (60, 'Guapileña', 1300, 42, 'ALE');
INSERT INTO ARTICULO (ID_ARTICULO, NOMBRE, PRECIO, INVENTARIO, TIPO_CERVEZA) values (61, 'Oss Beer', 1115, 49, 'STOUT');
INSERT INTO ARTICULO (ID_ARTICULO, NOMBRE, PRECIO, INVENTARIO, TIPO_CERVEZA) values (62, 'Domingo 7', 1200, 58, 'LAGER');
INSERT INTO ARTICULO (ID_ARTICULO, NOMBRE, PRECIO, INVENTARIO, TIPO_CERVEZA) values (63, 'Barbarian Real Ale', 1450, 26, 'ALE');
INSERT INTO ARTICULO (ID_ARTICULO, NOMBRE, PRECIO, INVENTARIO, TIPO_CERVEZA) values (64, 'Antigua Sin Novia', 1350, 79, 'ALE');
INSERT INTO ARTICULO (ID_ARTICULO, NOMBRE, PRECIO, INVENTARIO, TIPO_CERVEZA) values (65, 'Barba Roja Malta Liquida', 1120, 65, 'ALE');
INSERT INTO ARTICULO (ID_ARTICULO, NOMBRE, PRECIO, INVENTARIO, TIPO_CERVEZA) values (66, 'Barba Roja Trigueña', 1100, 63, 'ALE');
INSERT INTO ARTICULO (ID_ARTICULO, NOMBRE, PRECIO, INVENTARIO, TIPO_CERVEZA) values (67, 'Barba Roja Frutos De Calafate', 1265, 25, 'ALE');
INSERT INTO ARTICULO (ID_ARTICULO, NOMBRE, PRECIO, INVENTARIO, TIPO_CERVEZA) values (68, 'Abante American IPA', 1325, 87, 'ALE');
INSERT INTO ARTICULO (ID_ARTICULO, NOMBRE, PRECIO, INVENTARIO, TIPO_CERVEZA) values (69, 'Abante Dorada Pampeana', 1250, 65, 'ALE');
INSERT INTO ARTICULO (ID_ARTICULO, NOMBRE, PRECIO, INVENTARIO, TIPO_CERVEZA) values (70, 'Peñón del Águila Mexican Lager', 1600, 35, 'LAGER');
INSERT INTO ARTICULO (ID_ARTICULO, NOMBRE, PRECIO, INVENTARIO, TIPO_CERVEZA) values (71, 'Peñón del Águila Durazno', 1320, 37, 'ALE');
INSERT INTO ARTICULO (ID_ARTICULO, NOMBRE, PRECIO, INVENTARIO, TIPO_CERVEZA) values (72, 'Peñón Del Águilla Arándano Sour', 1450, 64, 'ALE');
INSERT INTO ARTICULO (ID_ARTICULO, NOMBRE, PRECIO, INVENTARIO, TIPO_CERVEZA) values (73, 'Peñón del Águila India Pale Lager', 1450, 48, 'LAGER');
INSERT INTO ARTICULO (ID_ARTICULO, NOMBRE, PRECIO, INVENTARIO, TIPO_CERVEZA) values (74, 'Peñón del Águila Doppelbock', 1320, 21, 'ALE');
INSERT INTO ARTICULO (ID_ARTICULO, NOMBRE, PRECIO, INVENTARIO, TIPO_CERVEZA) values (75, 'Peñón del Águila American Amber Lager', 1450, 29, 'LAGER');
INSERT INTO ARTICULO (ID_ARTICULO, NOMBRE, PRECIO, INVENTARIO, TIPO_CERVEZA) values (76, 'Peñón del Águila Maracuyá Sour', 1450, 35, 'ALE');
INSERT INTO ARTICULO (ID_ARTICULO, NOMBRE, PRECIO, INVENTARIO, TIPO_CERVEZA) values (77, 'Peñón del Águila Hefeweizen', 1450, 29, 'ALE');
INSERT INTO ARTICULO (ID_ARTICULO, NOMBRE, PRECIO, INVENTARIO, TIPO_CERVEZA) values (78, 'Tandilia Honey', 1125, 48, 'ALE');
INSERT INTO ARTICULO (ID_ARTICULO, NOMBRE, PRECIO, INVENTARIO, TIPO_CERVEZA) values (79, 'Tandilia Red', 1125, 53, 'LAGER');
INSERT INTO ARTICULO (ID_ARTICULO, NOMBRE, PRECIO, INVENTARIO, TIPO_CERVEZA) values (80, 'Tandilia Charlie Brown', 1300, 48, 'STOUT');
INSERT INTO ARTICULO (ID_ARTICULO, NOMBRE, PRECIO, INVENTARIO, TIPO_CERVEZA) values (81, 'Tandilia Blondie', 1200, 72, 'LAGER');
INSERT INTO ARTICULO (ID_ARTICULO, NOMBRE, PRECIO, INVENTARIO, TIPO_CERVEZA) values (82, 'Tandilia Old Ale', 1200, 65, 'ALE');
INSERT INTO ARTICULO (ID_ARTICULO, NOMBRE, PRECIO, INVENTARIO, TIPO_CERVEZA) values (83, 'Otro Mundo Signature Lager', 1450, 32, 'LAGER');
INSERT INTO ARTICULO (ID_ARTICULO, NOMBRE, PRECIO, INVENTARIO, TIPO_CERVEZA) values (84, 'Otro Mundo Summer Ale', 1250, 48, 'ALE');
INSERT INTO ARTICULO (ID_ARTICULO, NOMBRE, PRECIO, INVENTARIO, TIPO_CERVEZA) values (85, 'Juguetes Perdidos American Barley Wine Barrel Aged', 1500, 26, 'STOUT');
INSERT INTO ARTICULO (ID_ARTICULO, NOMBRE, PRECIO, INVENTARIO, TIPO_CERVEZA) values (86, 'Juguetes Perdidos Brett´a Porter', 1425, 48, 'ALE');
INSERT INTO ARTICULO (ID_ARTICULO, NOMBRE, PRECIO, INVENTARIO, TIPO_CERVEZA) values (87, 'Juguetes Perdidos Cuveé de Nöel', 1425, 17, 'ALE');
INSERT INTO ARTICULO (ID_ARTICULO, NOMBRE, PRECIO, INVENTARIO, TIPO_CERVEZA) values (88, 'Búlgara Weissbier', 1350, 26, 'ALE');
INSERT INTO ARTICULO (ID_ARTICULO, NOMBRE, PRECIO, INVENTARIO, TIPO_CERVEZA) values (89, 'Búlgara Kölsch', 1350, 48, 'ALE');
INSERT INTO ARTICULO (ID_ARTICULO, NOMBRE, PRECIO, INVENTARIO, TIPO_CERVEZA) values (90, 'Búlgara Honey', 1350, 26, 'ALE');
INSERT INTO ARTICULO (ID_ARTICULO, NOMBRE, PRECIO, INVENTARIO, TIPO_CERVEZA) values (91, 'Búlgara Amber', 1350, 72, 'ALE');
INSERT INTO ARTICULO (ID_ARTICULO, NOMBRE, PRECIO, INVENTARIO, TIPO_CERVEZA) values (92, 'Búlgara Scottish', 1225, 26, 'ALE');
INSERT INTO ARTICULO (ID_ARTICULO, NOMBRE, PRECIO, INVENTARIO, TIPO_CERVEZA) values (93, 'Búlgara APA Mosaic', 1225, 48, 'ALE');
INSERT INTO ARTICULO (ID_ARTICULO, NOMBRE, PRECIO, INVENTARIO, TIPO_CERVEZA) values (94, 'Búlgara IPA Mosaic', 1225, 36, 'ALE');
INSERT INTO ARTICULO (ID_ARTICULO, NOMBRE, PRECIO, INVENTARIO, TIPO_CERVEZA) values (95, 'Búlgara Porter', 1225, 26, 'PORTER');
INSERT INTO ARTICULO (ID_ARTICULO, NOMBRE, PRECIO, INVENTARIO, TIPO_CERVEZA) values (96, 'Berlina Guasones', 1250, 42, 'LAGER');
INSERT INTO ARTICULO (ID_ARTICULO, NOMBRE, PRECIO, INVENTARIO, TIPO_CERVEZA) values (97, 'Bierhaus Foxy', 1350, 36, 'ALE');
INSERT INTO ARTICULO (ID_ARTICULO, NOMBRE, PRECIO, INVENTARIO, TIPO_CERVEZA) values (98, 'Patagonia Spezia', 1265, 57, 'STOUT');
INSERT INTO ARTICULO (ID_ARTICULO, NOMBRE, PRECIO, INVENTARIO, TIPO_CERVEZA) values (99, 'Peñón del Águila Waldbier', 1455, 42, 'ALE');
INSERT INTO ARTICULO (ID_ARTICULO, NOMBRE, PRECIO, INVENTARIO, TIPO_CERVEZA) values (100, 'Peñon Del Águila / Crafter Cacao IPA', 1450, 15, 'ALE');

CREATE TABLE TIENDA(
ID_TIENDA	      INT PRIMARY KEY,
PROVINCIA	      VARCHAR2(50),
CANTON		      VARCHAR2(50),
NOMBRE_TIENDA	  VARCHAR2(50)
);


DROP TABLE TIENDA;

insert into TIENDA (ID_TIENDA, PROVINCIA, CANTON, NOMBRE_TIENDA) values (9, 'SAN JOSE', 'ESCAZU', 'CERVECERIA FIDE');
insert into TIENDA (ID_TIENDA, PROVINCIA, CANTON, NOMBRE_TIENDA) values (10, 'SAN JOSE', 'CURRIDABAT', 'CERVECERIA FIDE');

CREATE TABLE ORDEN(
ID_ORDEN	        INT PRIMARY KEY,
FECHA		          DATE,
CANTIDAD		      INT,
FORMA_DE_PAGO     VARCHAR2(50)
);

DROP TABLE ORDEN;

insert into ORDEN (ID_ORDEN, FECHA, CANTIDAD, FORMA_DE_PAGO) values (101, TO_DATE('2018/06/20', 'yyyy/mm/dd '), 10, 'EFECTIVO');
insert into ORDEN (ID_ORDEN, FECHA, CANTIDAD, FORMA_DE_PAGO) values (102, TO_DATE('2019/01/03', 'yyyy/mm/dd '), 9, 'EFECTIVO');
insert into ORDEN (ID_ORDEN, FECHA, CANTIDAD, FORMA_DE_PAGO) values (103, TO_DATE('2019/02/06', 'yyyy/mm/dd '), 8, 'TARJETA');
insert into ORDEN (ID_ORDEN, FECHA, CANTIDAD, FORMA_DE_PAGO) values (104, TO_DATE('2016/04/08', 'yyyy/mm/dd '), 7, 'EFECTIVO');
insert into ORDEN (ID_ORDEN, FECHA, CANTIDAD, FORMA_DE_PAGO) values (105, TO_DATE('2017/05/17', 'yyyy/mm/dd '), 3, 'EFECTIVO');
insert into ORDEN (ID_ORDEN, FECHA, CANTIDAD, FORMA_DE_PAGO) values (106, TO_DATE('2019/01/21', 'yyyy/mm/dd '), 4, 'TARJETA');
insert into ORDEN (ID_ORDEN, FECHA, CANTIDAD, FORMA_DE_PAGO) values (107, TO_DATE('2018/03/09', 'yyyy/mm/dd '), 5, 'TARJETA');
insert into ORDEN (ID_ORDEN, FECHA, CANTIDAD, FORMA_DE_PAGO) values (108, TO_DATE('2017/03/09', 'yyyy/mm/dd '), 5, 'TARJETA');
insert into ORDEN (ID_ORDEN, FECHA, CANTIDAD, FORMA_DE_PAGO) values (109, TO_DATE('2016/04/15', 'yyyy/mm/dd '), 7, 'EFECTIVO');
insert into ORDEN (ID_ORDEN, FECHA, CANTIDAD, FORMA_DE_PAGO) values (110, TO_DATE('2016/07/24', 'yyyy/mm/dd '), 3, 'EFECTIVO');
insert into ORDEN (ID_ORDEN, FECHA, CANTIDAD, FORMA_DE_PAGO) values (111, TO_DATE('2018/06/19', 'yyyy/mm/dd '), 10, 'EFECTIVO');
insert into ORDEN (ID_ORDEN, FECHA, CANTIDAD, FORMA_DE_PAGO) values (112, TO_DATE('2019/04/12', 'yyyy/mm/dd '), 9, 'EFECTIVO');
insert into ORDEN (ID_ORDEN, FECHA, CANTIDAD, FORMA_DE_PAGO) values (113, TO_DATE('2019/01/06', 'yyyy/mm/dd '), 8, 'TARJETA');
insert into ORDEN (ID_ORDEN, FECHA, CANTIDAD, FORMA_DE_PAGO) values (114, TO_DATE('2018/11/09', 'yyyy/mm/dd '), 5, 'TARJETA');
insert into ORDEN (ID_ORDEN, FECHA, CANTIDAD, FORMA_DE_PAGO) values (115, TO_DATE('2016/12/07', 'yyyy/mm/dd '), 5, 'TARJETA');
insert into ORDEN (ID_ORDEN, FECHA, CANTIDAD, FORMA_DE_PAGO) values (116, TO_DATE('2016/04/08', 'yyyy/mm/dd '), 7, 'EFECTIVO');
insert into ORDEN (ID_ORDEN, FECHA, CANTIDAD, FORMA_DE_PAGO) values (117, TO_DATE('2019/02/25', 'yyyy/mm/dd '), 2, 'TARJETA');
insert into ORDEN (ID_ORDEN, FECHA, CANTIDAD, FORMA_DE_PAGO) values (118, TO_DATE('2016/10/09', 'yyyy/mm/dd '), 3, 'EFECTIVO');
insert into ORDEN (ID_ORDEN, FECHA, CANTIDAD, FORMA_DE_PAGO) values (119, TO_DATE('2017/01/24', 'yyyy/mm/dd '), 4, 'TARJETA');
insert into ORDEN (ID_ORDEN, FECHA, CANTIDAD, FORMA_DE_PAGO) values (120, TO_DATE('2016/03/09', 'yyyy/mm/dd '), 5, 'TARJETA');
insert into ORDEN (ID_ORDEN, FECHA, CANTIDAD, FORMA_DE_PAGO) values (121, TO_DATE('2017/11/13', 'yyyy/mm/dd '), 7, 'TARJETA');
insert into ORDEN (ID_ORDEN, FECHA, CANTIDAD, FORMA_DE_PAGO) values (122, TO_DATE('2017/03/08', 'yyyy/mm/dd '), 5, 'TARJETA');
insert into ORDEN (ID_ORDEN, FECHA, CANTIDAD, FORMA_DE_PAGO) values (123, TO_DATE('2018/03/19', 'yyyy/mm/dd '), 4, 'TARJETA');
insert into ORDEN (ID_ORDEN, FECHA, CANTIDAD, FORMA_DE_PAGO) values (124, TO_DATE('2019/01/09', 'yyyy/mm/dd '), 2, 'TARJETA');
insert into ORDEN (ID_ORDEN, FECHA, CANTIDAD, FORMA_DE_PAGO) values (125, TO_DATE('2018/03/16', 'yyyy/mm/dd '), 5, 'TARJETA');
insert into ORDEN (ID_ORDEN, FECHA, CANTIDAD, FORMA_DE_PAGO) values (126, TO_DATE('2017/05/13', 'yyyy/mm/dd '), 6, 'TARJETA');
insert into ORDEN (ID_ORDEN, FECHA, CANTIDAD, FORMA_DE_PAGO) values (127, TO_DATE('2018/06/20', 'yyyy/mm/dd '), 11, 'EFECTIVO');
insert into ORDEN (ID_ORDEN, FECHA, CANTIDAD, FORMA_DE_PAGO) values (128, TO_DATE('2019/04/11', 'yyyy/mm/dd '), 9, 'EFECTIVO');
insert into ORDEN (ID_ORDEN, FECHA, CANTIDAD, FORMA_DE_PAGO) values (129, TO_DATE('2019/02/06', 'yyyy/mm/dd '), 8, 'TARJETA');
insert into ORDEN (ID_ORDEN, FECHA, CANTIDAD, FORMA_DE_PAGO) values (130, TO_DATE('2018/09/09', 'yyyy/mm/dd '), 5, 'TARJETA');
insert into ORDEN (ID_ORDEN, FECHA, CANTIDAD, FORMA_DE_PAGO) values (131, TO_DATE('2017/01/09', 'yyyy/mm/dd '), 6, 'TARJETA');
insert into ORDEN (ID_ORDEN, FECHA, CANTIDAD, FORMA_DE_PAGO) values (132, TO_DATE('2016/08/08', 'yyyy/mm/dd '), 7, 'EFECTIVO');
insert into ORDEN (ID_ORDEN, FECHA, CANTIDAD, FORMA_DE_PAGO) values (133, TO_DATE('2019/03/25', 'yyyy/mm/dd '), 2, 'TARJETA');
insert into ORDEN (ID_ORDEN, FECHA, CANTIDAD, FORMA_DE_PAGO) values (134, TO_DATE('2016/04/09', 'yyyy/mm/dd '), 3, 'EFECTIVO');
insert into ORDEN (ID_ORDEN, FECHA, CANTIDAD, FORMA_DE_PAGO) values (135, TO_DATE('2018/01/21', 'yyyy/mm/dd '), 4, 'TARJETA');
insert into ORDEN (ID_ORDEN, FECHA, CANTIDAD, FORMA_DE_PAGO) values (136, TO_DATE('2017/03/09', 'yyyy/mm/dd '), 5, 'TARJETA');
insert into ORDEN (ID_ORDEN, FECHA, CANTIDAD, FORMA_DE_PAGO) values (137, TO_DATE('2017/12/19', 'yyyy/mm/dd '), 2, 'TARJETA');
insert into ORDEN (ID_ORDEN, FECHA, CANTIDAD, FORMA_DE_PAGO) values (138, TO_DATE('2016/11/29', 'yyyy/mm/dd '), 2, 'TARJETA');
insert into ORDEN (ID_ORDEN, FECHA, CANTIDAD, FORMA_DE_PAGO) values (139, TO_DATE('2017/02/19', 'yyyy/mm/dd '), 3, 'TARJETA');
insert into ORDEN (ID_ORDEN, FECHA, CANTIDAD, FORMA_DE_PAGO) values (140, TO_DATE('2019/03/04', 'yyyy/mm/dd '), 5, 'TARJETA');
insert into ORDEN (ID_ORDEN, FECHA, CANTIDAD, FORMA_DE_PAGO) values (141, TO_DATE('2016/10/09', 'yyyy/mm/dd '), 4, 'TARJETA');
insert into ORDEN (ID_ORDEN, FECHA, CANTIDAD, FORMA_DE_PAGO) values (142, TO_DATE('2017/03/02', 'yyyy/mm/dd '), 5, 'TARJETA');
insert into ORDEN (ID_ORDEN, FECHA, CANTIDAD, FORMA_DE_PAGO) values (143, TO_DATE('2019/03/03', 'yyyy/mm/dd '), 9, 'EFECTIVO');
insert into ORDEN (ID_ORDEN, FECHA, CANTIDAD, FORMA_DE_PAGO) values (144, TO_DATE('2016/02/08', 'yyyy/mm/dd '), 7, 'EFECTIVO');
insert into ORDEN (ID_ORDEN, FECHA, CANTIDAD, FORMA_DE_PAGO) values (145, TO_DATE('2016/04/09', 'yyyy/mm/dd '), 3, 'EFECTIVO');
insert into ORDEN (ID_ORDEN, FECHA, CANTIDAD, FORMA_DE_PAGO) values (146, TO_DATE('2016/03/01', 'yyyy/mm/dd '), 5, 'TARJETA');
insert into ORDEN (ID_ORDEN, FECHA, CANTIDAD, FORMA_DE_PAGO) values (147, TO_DATE('2017/02/19', 'yyyy/mm/dd '), 5, 'TARJETA');
insert into ORDEN (ID_ORDEN, FECHA, CANTIDAD, FORMA_DE_PAGO) values (148, TO_DATE('2019/02/09', 'yyyy/mm/dd '), 5, 'TARJETA');
insert into ORDEN (ID_ORDEN, FECHA, CANTIDAD, FORMA_DE_PAGO) values (149, TO_DATE('2019/04/03', 'yyyy/mm/dd '), 9, 'EFECTIVO');
insert into ORDEN (ID_ORDEN, FECHA, CANTIDAD, FORMA_DE_PAGO) values (150, TO_DATE('2019/01/06', 'yyyy/mm/dd '), 8, 'TARJETA');
insert into ORDEN (ID_ORDEN, FECHA, CANTIDAD, FORMA_DE_PAGO) values (151, TO_DATE('2016/04/24', 'yyyy/mm/dd '), 7, 'EFECTIVO');
insert into ORDEN (ID_ORDEN, FECHA, CANTIDAD, FORMA_DE_PAGO) values (152, TO_DATE('2017/03/31', 'yyyy/mm/dd '), 5, 'TARJETA');
insert into ORDEN (ID_ORDEN, FECHA, CANTIDAD, FORMA_DE_PAGO) values (153, TO_DATE('2019/02/06', 'yyyy/mm/dd '), 8, 'TARJETA');
insert into ORDEN (ID_ORDEN, FECHA, CANTIDAD, FORMA_DE_PAGO) values (154, TO_DATE('2017/03/29', 'yyyy/mm/dd '), 5, 'TARJETA');
insert into ORDEN (ID_ORDEN, FECHA, CANTIDAD, FORMA_DE_PAGO) values (155, TO_DATE('2017/03/09', 'yyyy/mm/dd '), 5, 'TARJETA');
insert into ORDEN (ID_ORDEN, FECHA, CANTIDAD, FORMA_DE_PAGO) values (156, TO_DATE('2018/03/27', 'yyyy/mm/dd '), 5, 'TARJETA');
insert into ORDEN (ID_ORDEN, FECHA, CANTIDAD, FORMA_DE_PAGO) values (157, TO_DATE('2018/05/09', 'yyyy/mm/dd '), 5, 'TARJETA');
insert into ORDEN (ID_ORDEN, FECHA, CANTIDAD, FORMA_DE_PAGO) values (158, TO_DATE('2019/03/30', 'yyyy/mm/dd '), 9, 'EFECTIVO');
insert into ORDEN (ID_ORDEN, FECHA, CANTIDAD, FORMA_DE_PAGO) values (159, TO_DATE('2018/09/09', 'yyyy/mm/dd '), 5, 'TARJETA');
insert into ORDEN (ID_ORDEN, FECHA, CANTIDAD, FORMA_DE_PAGO) values (160, TO_DATE('2017/03/09', 'yyyy/mm/dd '), 5, 'TARJETA');
insert into ORDEN (ID_ORDEN, FECHA, CANTIDAD, FORMA_DE_PAGO) values (161, TO_DATE('2016/06/08', 'yyyy/mm/dd '), 7, 'EFECTIVO');
insert into ORDEN (ID_ORDEN, FECHA, CANTIDAD, FORMA_DE_PAGO) values (162, TO_DATE('2018/06/20', 'yyyy/mm/dd '), 10, 'EFECTIVO');
insert into ORDEN (ID_ORDEN, FECHA, CANTIDAD, FORMA_DE_PAGO) values (163, TO_DATE('2019/01/03', 'yyyy/mm/dd '), 9, 'EFECTIVO');
insert into ORDEN (ID_ORDEN, FECHA, CANTIDAD, FORMA_DE_PAGO) values (164, TO_DATE('2019/01/06', 'yyyy/mm/dd '), 8, 'TARJETA');
insert into ORDEN (ID_ORDEN, FECHA, CANTIDAD, FORMA_DE_PAGO) values (165, TO_DATE('2016/04/27', 'yyyy/mm/dd '), 7, 'EFECTIVO');
insert into ORDEN (ID_ORDEN, FECHA, CANTIDAD, FORMA_DE_PAGO) values (166, TO_DATE('2016/04/09', 'yyyy/mm/dd '), 3, 'EFECTIVO');
insert into ORDEN (ID_ORDEN, FECHA, CANTIDAD, FORMA_DE_PAGO) values (167, TO_DATE('2018/11/21', 'yyyy/mm/dd '), 4, 'TARJETA');
insert into ORDEN (ID_ORDEN, FECHA, CANTIDAD, FORMA_DE_PAGO) values (168, TO_DATE('2017/05/09', 'yyyy/mm/dd '), 5, 'TARJETA');
insert into ORDEN (ID_ORDEN, FECHA, CANTIDAD, FORMA_DE_PAGO) values (169, TO_DATE('2019/03/24', 'yyyy/mm/dd '), 5, 'TARJETA');
insert into ORDEN (ID_ORDEN, FECHA, CANTIDAD, FORMA_DE_PAGO) values (170, TO_DATE('2016/12/08', 'yyyy/mm/dd '), 7, 'EFECTIVO');
insert into ORDEN (ID_ORDEN, FECHA, CANTIDAD, FORMA_DE_PAGO) values (171, TO_DATE('2016/04/09', 'yyyy/mm/dd '), 3, 'EFECTIVO');
insert into ORDEN (ID_ORDEN, FECHA, CANTIDAD, FORMA_DE_PAGO) values (172, TO_DATE('2018/06/23', 'yyyy/mm/dd '), 10, 'EFECTIVO');
insert into ORDEN (ID_ORDEN, FECHA, CANTIDAD, FORMA_DE_PAGO) values (173, TO_DATE('2019/03/03', 'yyyy/mm/dd '), 9, 'EFECTIVO');
insert into ORDEN (ID_ORDEN, FECHA, CANTIDAD, FORMA_DE_PAGO) values (174, TO_DATE('2019/04/06', 'yyyy/mm/dd '), 8, 'TARJETA');
insert into ORDEN (ID_ORDEN, FECHA, CANTIDAD, FORMA_DE_PAGO) values (175, TO_DATE('2016/10/13', 'yyyy/mm/dd '), 7, 'EFECTIVO');
insert into ORDEN (ID_ORDEN, FECHA, CANTIDAD, FORMA_DE_PAGO) values (176, TO_DATE('2016/04/09', 'yyyy/mm/dd '), 3, 'EFECTIVO');
insert into ORDEN (ID_ORDEN, FECHA, CANTIDAD, FORMA_DE_PAGO) values (177, TO_DATE('2018/01/21', 'yyyy/mm/dd '), 4, 'TARJETA');
insert into ORDEN (ID_ORDEN, FECHA, CANTIDAD, FORMA_DE_PAGO) values (178, TO_DATE('2017/03/01', 'yyyy/mm/dd '), 5, 'TARJETA');
insert into ORDEN (ID_ORDEN, FECHA, CANTIDAD, FORMA_DE_PAGO) values (179, TO_DATE('2017/05/09', 'yyyy/mm/dd '), 5, 'TARJETA');
insert into ORDEN (ID_ORDEN, FECHA, CANTIDAD, FORMA_DE_PAGO) values (180, TO_DATE('2016/04/08', 'yyyy/mm/dd '), 7, 'EFECTIVO');
insert into ORDEN (ID_ORDEN, FECHA, CANTIDAD, FORMA_DE_PAGO) values (181, TO_DATE('2016/04/01', 'yyyy/mm/dd '), 3, 'EFECTIVO');
insert into ORDEN (ID_ORDEN, FECHA, CANTIDAD, FORMA_DE_PAGO) values (182, TO_DATE('2018/06/20', 'yyyy/mm/dd '), 10, 'EFECTIVO');
insert into ORDEN (ID_ORDEN, FECHA, CANTIDAD, FORMA_DE_PAGO) values (183, TO_DATE('2019/01/03', 'yyyy/mm/dd '), 9, 'EFECTIVO');
insert into ORDEN (ID_ORDEN, FECHA, CANTIDAD, FORMA_DE_PAGO) values (184, TO_DATE('2019/02/06', 'yyyy/mm/dd '), 8, 'TARJETA');
insert into ORDEN (ID_ORDEN, FECHA, CANTIDAD, FORMA_DE_PAGO) values (185, TO_DATE('2016/04/04', 'yyyy/mm/dd '), 7, 'EFECTIVO');
insert into ORDEN (ID_ORDEN, FECHA, CANTIDAD, FORMA_DE_PAGO) values (186, TO_DATE('2016/04/09', 'yyyy/mm/dd '), 3, 'EFECTIVO');
insert into ORDEN (ID_ORDEN, FECHA, CANTIDAD, FORMA_DE_PAGO) values (187, TO_DATE('2018/01/21', 'yyyy/mm/dd '), 4, 'TARJETA');
insert into ORDEN (ID_ORDEN, FECHA, CANTIDAD, FORMA_DE_PAGO) values (188, TO_DATE('2017/03/09', 'yyyy/mm/dd '), 5, 'TARJETA');
insert into ORDEN (ID_ORDEN, FECHA, CANTIDAD, FORMA_DE_PAGO) values (189, TO_DATE('2017/11/22', 'yyyy/mm/dd '), 5, 'TARJETA');
insert into ORDEN (ID_ORDEN, FECHA, CANTIDAD, FORMA_DE_PAGO) values (190, TO_DATE('2016/04/28', 'yyyy/mm/dd '), 7, 'EFECTIVO');
insert into ORDEN (ID_ORDEN, FECHA, CANTIDAD, FORMA_DE_PAGO) values (191, TO_DATE('2016/04/26', 'yyyy/mm/dd '), 3, 'EFECTIVO');
insert into ORDEN (ID_ORDEN, FECHA, CANTIDAD, FORMA_DE_PAGO) values (192, TO_DATE('2017/03/13', 'yyyy/mm/dd '), 5, 'TARJETA');
insert into ORDEN (ID_ORDEN, FECHA, CANTIDAD, FORMA_DE_PAGO) values (193, TO_DATE('2017/02/19', 'yyyy/mm/dd '), 5, 'TARJETA');
insert into ORDEN (ID_ORDEN, FECHA, CANTIDAD, FORMA_DE_PAGO) values (194, TO_DATE('2016/04/06', 'yyyy/mm/dd '), 7, 'EFECTIVO');
insert into ORDEN (ID_ORDEN, FECHA, CANTIDAD, FORMA_DE_PAGO) values (195, TO_DATE('2017/03/04', 'yyyy/mm/dd '), 5, 'TARJETA');
insert into ORDEN (ID_ORDEN, FECHA, CANTIDAD, FORMA_DE_PAGO) values (196, TO_DATE('2017/02/09', 'yyyy/mm/dd '), 3, 'TARJETA');
insert into ORDEN (ID_ORDEN, FECHA, CANTIDAD, FORMA_DE_PAGO) values (197, TO_DATE('2016/04/03', 'yyyy/mm/dd '), 7, 'EFECTIVO');
insert into ORDEN (ID_ORDEN, FECHA, CANTIDAD, FORMA_DE_PAGO) values (198, TO_DATE('2018/06/23', 'yyyy/mm/dd '), 10, 'EFECTIVO');
insert into ORDEN (ID_ORDEN, FECHA, CANTIDAD, FORMA_DE_PAGO) values (199, TO_DATE('2019/02/07', 'yyyy/mm/dd '), 9, 'EFECTIVO');
insert into ORDEN (ID_ORDEN, FECHA, CANTIDAD, FORMA_DE_PAGO) values (200, TO_DATE('2019/04/05', 'yyyy/mm/dd '), 8, 'TARJETA');
insert into ORDEN (ID_ORDEN, FECHA, CANTIDAD, FORMA_DE_PAGO) values (201, TO_DATE('2016/01/05', 'yyyy/mm/dd '), 3, 'TARJETA');



CREATE TABLE PROVEEDOR(
ID_PROVEEDOR		    INT PRIMARY KEY,
NOMBRE_PROVEEDOR	  VARCHAR2(50),
CEDULA			        INT
);

DROP TABLE PROVEEDOR;

INSERT INTO PROVEEDOR (ID_PROVEEDOR,NOMBRE_PROVEEDOR,CEDULA) VALUES (1000,'Risus LLC',305947);
INSERT INTO PROVEEDOR (ID_PROVEEDOR,NOMBRE_PROVEEDOR,CEDULA) VALUES (1001,'Aliquam Corp.',290239);
INSERT INTO PROVEEDOR (ID_PROVEEDOR,NOMBRE_PROVEEDOR,CEDULA) VALUES (1002,'Quam Institute',285755);
INSERT INTO PROVEEDOR (ID_PROVEEDOR,NOMBRE_PROVEEDOR,CEDULA) VALUES (1003,'Pretium Et PC',321144);
INSERT INTO PROVEEDOR (ID_PROVEEDOR,NOMBRE_PROVEEDOR,CEDULA) VALUES (1004,'Lorem Semper Auctor Corporation',269635);
INSERT INTO PROVEEDOR (ID_PROVEEDOR,NOMBRE_PROVEEDOR,CEDULA) VALUES (1005,'Morbi Non Sapien Limited',253853);
INSERT INTO PROVEEDOR (ID_PROVEEDOR,NOMBRE_PROVEEDOR,CEDULA) VALUES (1006,'Pretium Inc.',257623);
INSERT INTO PROVEEDOR (ID_PROVEEDOR,NOMBRE_PROVEEDOR,CEDULA) VALUES (1007,'Sit Amet Corporation',299969);
INSERT INTO PROVEEDOR (ID_PROVEEDOR,NOMBRE_PROVEEDOR,CEDULA) VALUES (1008,'Sed Consequat Auctor Ltd',275925);
INSERT INTO PROVEEDOR (ID_PROVEEDOR,NOMBRE_PROVEEDOR,CEDULA) VALUES (1009,'Odio Aliquam Associates',268149);
INSERT INTO PROVEEDOR (ID_PROVEEDOR,NOMBRE_PROVEEDOR,CEDULA) VALUES (1010,'Duis Risus Odio Inc.',257121);
INSERT INTO PROVEEDOR (ID_PROVEEDOR,NOMBRE_PROVEEDOR,CEDULA) VALUES (1011,'Neque Consulting',303414);
INSERT INTO PROVEEDOR (ID_PROVEEDOR,NOMBRE_PROVEEDOR,CEDULA) VALUES (1012,'Dignissim Lacus Consulting',330680);
INSERT INTO PROVEEDOR (ID_PROVEEDOR,NOMBRE_PROVEEDOR,CEDULA) VALUES (1013,'A Felis Ullamcorper LLC',301694);
INSERT INTO PROVEEDOR (ID_PROVEEDOR,NOMBRE_PROVEEDOR,CEDULA) VALUES (1014,'At Pretium Aliquet LLC',297165);
INSERT INTO PROVEEDOR (ID_PROVEEDOR,NOMBRE_PROVEEDOR,CEDULA) VALUES (1015,'Proin LLP',309458);
INSERT INTO PROVEEDOR (ID_PROVEEDOR,NOMBRE_PROVEEDOR,CEDULA) VALUES (1016,'Eu Ultrices Sit Incorporated',305283);
INSERT INTO PROVEEDOR (ID_PROVEEDOR,NOMBRE_PROVEEDOR,CEDULA) VALUES (1017,'Nunc LLP',317955);
INSERT INTO PROVEEDOR (ID_PROVEEDOR,NOMBRE_PROVEEDOR,CEDULA) VALUES (1018,'Luctus Sit Amet Inc.',282075);
INSERT INTO PROVEEDOR (ID_PROVEEDOR,NOMBRE_PROVEEDOR,CEDULA) VALUES (1019,'Cum Sociis Natoque Corp.',279195);
INSERT INTO PROVEEDOR (ID_PROVEEDOR,NOMBRE_PROVEEDOR,CEDULA) VALUES (1020,'Suscipit Est Industries',311008);
INSERT INTO PROVEEDOR (ID_PROVEEDOR,NOMBRE_PROVEEDOR,CEDULA) VALUES (1021,'Ullamcorper Duis Cursus Ltd',334937);
INSERT INTO PROVEEDOR (ID_PROVEEDOR,NOMBRE_PROVEEDOR,CEDULA) VALUES (1022,'Ultrices Mauris LLC',257691);
INSERT INTO PROVEEDOR (ID_PROVEEDOR,NOMBRE_PROVEEDOR,CEDULA) VALUES (1023,'Aliquet Foundation',270275);
INSERT INTO PROVEEDOR (ID_PROVEEDOR,NOMBRE_PROVEEDOR,CEDULA) VALUES (1024,'Facilisis Suspendisse Commodo Ltd',340095);
INSERT INTO PROVEEDOR (ID_PROVEEDOR,NOMBRE_PROVEEDOR,CEDULA) VALUES (1025,'A Limited',343029);
INSERT INTO PROVEEDOR (ID_PROVEEDOR,NOMBRE_PROVEEDOR,CEDULA) VALUES (1026,'Aliquam Incorporated',332829);
INSERT INTO PROVEEDOR (ID_PROVEEDOR,NOMBRE_PROVEEDOR,CEDULA) VALUES (1027,'Arcu Nunc LLC',321994);
INSERT INTO PROVEEDOR (ID_PROVEEDOR,NOMBRE_PROVEEDOR,CEDULA) VALUES (1028,'Metus Inc.',349899);
INSERT INTO PROVEEDOR (ID_PROVEEDOR,NOMBRE_PROVEEDOR,CEDULA) VALUES (1029,'Erat Nonummy Ultricies LLP',254408);
INSERT INTO PROVEEDOR (ID_PROVEEDOR,NOMBRE_PROVEEDOR,CEDULA) VALUES (1030,'Egestas LLP',324234);
INSERT INTO PROVEEDOR (ID_PROVEEDOR,NOMBRE_PROVEEDOR,CEDULA) VALUES (1031,'Suspendisse Tristique Consulting',288821);
INSERT INTO PROVEEDOR (ID_PROVEEDOR,NOMBRE_PROVEEDOR,CEDULA) VALUES (1032,'At Industries',276830);
INSERT INTO PROVEEDOR (ID_PROVEEDOR,NOMBRE_PROVEEDOR,CEDULA) VALUES (1033,'In Institute',322520);
INSERT INTO PROVEEDOR (ID_PROVEEDOR,NOMBRE_PROVEEDOR,CEDULA) VALUES (1034,'Placerat Augue Corp.',314211);
INSERT INTO PROVEEDOR (ID_PROVEEDOR,NOMBRE_PROVEEDOR,CEDULA) VALUES (1035,'Vitae PC',325846);
INSERT INTO PROVEEDOR (ID_PROVEEDOR,NOMBRE_PROVEEDOR,CEDULA) VALUES (1036,'Arcu Inc.',312057);
INSERT INTO PROVEEDOR (ID_PROVEEDOR,NOMBRE_PROVEEDOR,CEDULA) VALUES (1037,'Tincidunt Nunc Ac Ltd',260049);
INSERT INTO PROVEEDOR (ID_PROVEEDOR,NOMBRE_PROVEEDOR,CEDULA) VALUES (1038,'Penatibus Et Consulting',265080);
INSERT INTO PROVEEDOR (ID_PROVEEDOR,NOMBRE_PROVEEDOR,CEDULA) VALUES (1039,'Quisque Corp.',300002);
INSERT INTO PROVEEDOR (ID_PROVEEDOR,NOMBRE_PROVEEDOR,CEDULA) VALUES (1040,'Nunc Mauris LLP',345124);
INSERT INTO PROVEEDOR (ID_PROVEEDOR,NOMBRE_PROVEEDOR,CEDULA) VALUES (1041,'Egestas A Industries',306767);
INSERT INTO PROVEEDOR (ID_PROVEEDOR,NOMBRE_PROVEEDOR,CEDULA) VALUES (1042,'Dui Fusce Inc.',317912);
INSERT INTO PROVEEDOR (ID_PROVEEDOR,NOMBRE_PROVEEDOR,CEDULA) VALUES (1043,'Dolor Consulting',329693);
INSERT INTO PROVEEDOR (ID_PROVEEDOR,NOMBRE_PROVEEDOR,CEDULA) VALUES (1044,'Sit Amet Corporation',310118);
INSERT INTO PROVEEDOR (ID_PROVEEDOR,NOMBRE_PROVEEDOR,CEDULA) VALUES (1045,'Euismod Mauris Inc.',333379);
INSERT INTO PROVEEDOR (ID_PROVEEDOR,NOMBRE_PROVEEDOR,CEDULA) VALUES (1046,'In Tincidunt LLP',250395);
INSERT INTO PROVEEDOR (ID_PROVEEDOR,NOMBRE_PROVEEDOR,CEDULA) VALUES (1047,'Etiam Ligula Corporation',345604);
INSERT INTO PROVEEDOR (ID_PROVEEDOR,NOMBRE_PROVEEDOR,CEDULA) VALUES (1048,'Vel Company',349822);
INSERT INTO PROVEEDOR (ID_PROVEEDOR,NOMBRE_PROVEEDOR,CEDULA) VALUES (1049,'Ultrices Vivamus Rhoncus Ltd',293168);
INSERT INTO PROVEEDOR (ID_PROVEEDOR,NOMBRE_PROVEEDOR,CEDULA) VALUES (1050,'Tellus Nunc Company',323797);
INSERT INTO PROVEEDOR (ID_PROVEEDOR,NOMBRE_PROVEEDOR,CEDULA) VALUES (1051,'Ultrices Mauris Industries',309474);
INSERT INTO PROVEEDOR (ID_PROVEEDOR,NOMBRE_PROVEEDOR,CEDULA) VALUES (1052,'Sed Leo Limited',300716);
INSERT INTO PROVEEDOR (ID_PROVEEDOR,NOMBRE_PROVEEDOR,CEDULA) VALUES (1053,'Ultricies Dignissim Lacus PC',276060);
INSERT INTO PROVEEDOR (ID_PROVEEDOR,NOMBRE_PROVEEDOR,CEDULA) VALUES (1054,'Per Inceptos Hymenaeos Inc.',291320);
INSERT INTO PROVEEDOR (ID_PROVEEDOR,NOMBRE_PROVEEDOR,CEDULA) VALUES (1055,'Rutrum Company',316401);
INSERT INTO PROVEEDOR (ID_PROVEEDOR,NOMBRE_PROVEEDOR,CEDULA) VALUES (1056,'Malesuada Institute',268392);
INSERT INTO PROVEEDOR (ID_PROVEEDOR,NOMBRE_PROVEEDOR,CEDULA) VALUES (1057,'Commodo Hendrerit Incorporated',332051);
INSERT INTO PROVEEDOR (ID_PROVEEDOR,NOMBRE_PROVEEDOR,CEDULA) VALUES (1058,'Tortor Dictum Eu Consulting',321318);
INSERT INTO PROVEEDOR (ID_PROVEEDOR,NOMBRE_PROVEEDOR,CEDULA) VALUES (1059,'Enim Mauris Quis Incorporated',319613);
INSERT INTO PROVEEDOR (ID_PROVEEDOR,NOMBRE_PROVEEDOR,CEDULA) VALUES (1060,'Sollicitudin PC',296482);
INSERT INTO PROVEEDOR (ID_PROVEEDOR,NOMBRE_PROVEEDOR,CEDULA) VALUES (1061,'Duis Risus Odio Foundation',313617);
INSERT INTO PROVEEDOR (ID_PROVEEDOR,NOMBRE_PROVEEDOR,CEDULA) VALUES (1062,'Id Enim Ltd',254697);
INSERT INTO PROVEEDOR (ID_PROVEEDOR,NOMBRE_PROVEEDOR,CEDULA) VALUES (1063,'Mattis Cras Industries',343659);
INSERT INTO PROVEEDOR (ID_PROVEEDOR,NOMBRE_PROVEEDOR,CEDULA) VALUES (1064,'Purus Sapien Associates',347556);
INSERT INTO PROVEEDOR (ID_PROVEEDOR,NOMBRE_PROVEEDOR,CEDULA) VALUES (1065,'Nam Ligula Institute',347517);
INSERT INTO PROVEEDOR (ID_PROVEEDOR,NOMBRE_PROVEEDOR,CEDULA) VALUES (1066,'Ipsum Dolor Sit Company',253751);
INSERT INTO PROVEEDOR (ID_PROVEEDOR,NOMBRE_PROVEEDOR,CEDULA) VALUES (1067,'Nibh Lacinia LLP',263622);
INSERT INTO PROVEEDOR (ID_PROVEEDOR,NOMBRE_PROVEEDOR,CEDULA) VALUES (1068,'Mi Associates',282797);
INSERT INTO PROVEEDOR (ID_PROVEEDOR,NOMBRE_PROVEEDOR,CEDULA) VALUES (1069,'Lacus Cras Interdum Corp.',294023);
INSERT INTO PROVEEDOR (ID_PROVEEDOR,NOMBRE_PROVEEDOR,CEDULA) VALUES (1070,'Ante Consulting',311995);
INSERT INTO PROVEEDOR (ID_PROVEEDOR,NOMBRE_PROVEEDOR,CEDULA) VALUES (1071,'Id Incorporated',327958);
INSERT INTO PROVEEDOR (ID_PROVEEDOR,NOMBRE_PROVEEDOR,CEDULA) VALUES (1072,'Pharetra Sed Limited',283668);
INSERT INTO PROVEEDOR (ID_PROVEEDOR,NOMBRE_PROVEEDOR,CEDULA) VALUES (1073,'In Hendrerit Consulting',342482);
INSERT INTO PROVEEDOR (ID_PROVEEDOR,NOMBRE_PROVEEDOR,CEDULA) VALUES (1074,'Dolor Inc.',307887);
INSERT INTO PROVEEDOR (ID_PROVEEDOR,NOMBRE_PROVEEDOR,CEDULA) VALUES (1075,'Ultrices A Company',324698);
INSERT INTO PROVEEDOR (ID_PROVEEDOR,NOMBRE_PROVEEDOR,CEDULA) VALUES (1076,'Pretium Neque Institute',321622);
INSERT INTO PROVEEDOR (ID_PROVEEDOR,NOMBRE_PROVEEDOR,CEDULA) VALUES (1077,'Sed Id Risus Corp.',312931);
INSERT INTO PROVEEDOR (ID_PROVEEDOR,NOMBRE_PROVEEDOR,CEDULA) VALUES (1078,'Per Inceptos Hymenaeos Consulting',316892);
INSERT INTO PROVEEDOR (ID_PROVEEDOR,NOMBRE_PROVEEDOR,CEDULA) VALUES (1079,'Purus In Molestie Inc.',347431);
INSERT INTO PROVEEDOR (ID_PROVEEDOR,NOMBRE_PROVEEDOR,CEDULA) VALUES (1080,'Lorem Tristique Ltd',265826);
INSERT INTO PROVEEDOR (ID_PROVEEDOR,NOMBRE_PROVEEDOR,CEDULA) VALUES (1081,'Nunc Commodo Auctor Industries',279508);
INSERT INTO PROVEEDOR (ID_PROVEEDOR,NOMBRE_PROVEEDOR,CEDULA) VALUES (1082,'Arcu Sed Corp.',344462);
INSERT INTO PROVEEDOR (ID_PROVEEDOR,NOMBRE_PROVEEDOR,CEDULA) VALUES (1083,'Consequat Dolor Company',307481);
INSERT INTO PROVEEDOR (ID_PROVEEDOR,NOMBRE_PROVEEDOR,CEDULA) VALUES (1084,'Mattis Institute',348078);
INSERT INTO PROVEEDOR (ID_PROVEEDOR,NOMBRE_PROVEEDOR,CEDULA) VALUES (1085,'Massa Vestibulum Accumsan Corporation',343950);
INSERT INTO PROVEEDOR (ID_PROVEEDOR,NOMBRE_PROVEEDOR,CEDULA) VALUES (1086,'Elit Institute',259959);
INSERT INTO PROVEEDOR (ID_PROVEEDOR,NOMBRE_PROVEEDOR,CEDULA) VALUES (1087,'Et Commodo LLP',309151);
INSERT INTO PROVEEDOR (ID_PROVEEDOR,NOMBRE_PROVEEDOR,CEDULA) VALUES (1088,'Aenean Sed LLP',328295);
INSERT INTO PROVEEDOR (ID_PROVEEDOR,NOMBRE_PROVEEDOR,CEDULA) VALUES (1089,'Aliquam Iaculis Lacus Ltd',335474);
INSERT INTO PROVEEDOR (ID_PROVEEDOR,NOMBRE_PROVEEDOR,CEDULA) VALUES (1090,'Montes Nascetur Company',273420);
INSERT INTO PROVEEDOR (ID_PROVEEDOR,NOMBRE_PROVEEDOR,CEDULA) VALUES (1091,'Feugiat Tellus Lorem Institute',312290);
INSERT INTO PROVEEDOR (ID_PROVEEDOR,NOMBRE_PROVEEDOR,CEDULA) VALUES (1092,'Enim Condimentum Eget Institute',265631);
INSERT INTO PROVEEDOR (ID_PROVEEDOR,NOMBRE_PROVEEDOR,CEDULA) VALUES (1093,'A Corporation',291227);
INSERT INTO PROVEEDOR (ID_PROVEEDOR,NOMBRE_PROVEEDOR,CEDULA) VALUES (1094,'Nec Ltd',333327);
INSERT INTO PROVEEDOR (ID_PROVEEDOR,NOMBRE_PROVEEDOR,CEDULA) VALUES (1095,'Morbi Quis Urna Incorporated',279933);
INSERT INTO PROVEEDOR (ID_PROVEEDOR,NOMBRE_PROVEEDOR,CEDULA) VALUES (1096,'Primis In Faucibus PC',301495);
INSERT INTO PROVEEDOR (ID_PROVEEDOR,NOMBRE_PROVEEDOR,CEDULA) VALUES (1097,'Lacus Quisque Purus Corporation',341426);
INSERT INTO PROVEEDOR (ID_PROVEEDOR,NOMBRE_PROVEEDOR,CEDULA) VALUES (1098,'Ut Corporation',304789);
INSERT INTO PROVEEDOR (ID_PROVEEDOR,NOMBRE_PROVEEDOR,CEDULA) VALUES (1099,'Mauris Ut Corporation',332135);
INSERT INTO PROVEEDOR (ID_PROVEEDOR,NOMBRE_PROVEEDOR,CEDULA) VALUES (1100,'Eu Euismod Ac Consulting',284772);

CREATE TABLE VENTAS(
ID_VENTAS	      INT PRIMARY KEY,
ID_CLIENTE	    INT,
ID_ARTICULO   	INT,
ID_TIENDA	      INT,
ID_ORDEN	      INT,
ID_PROVEEDOR	  INT,
TOTAL		        INT,
FECHA           DATE,
CANTIDAD        INT,
CONSTRAINT      FK_CLI
  FOREIGN KEY (ID_CLIENTE)   REFERENCES CLIENTE(ID_CLIENTE),
CONSTRAINT      FK_ART
  FOREIGN KEY (ID_ARTICULO)  REFERENCES ARTICULO(ID_ARTICULO),
CONSTRAINT      FK_TIENDA
  FOREIGN KEY (ID_TIENDA)    REFERENCES TIENDA(ID_TIENDA),
CONSTRAINT      FK_ORD
  FOREIGN KEY (ID_ORDEN)     REFERENCES ORDEN(ID_ORDEN),
CONSTRAINT      FK_PROV
  FOREIGN KEY (ID_PROVEEDOR) REFERENCES PROVEEDOR(ID_PROVEEDOR)
);

DROP TABLE VENTAS;
                        --ID_V CLI ART T OR  PR  TOT ESCAZU 9 CURRI 10
INSERT INTO VENTAS VALUES (100, 1, 5, 9, 11, 15, 5000, TO_DATE('2019/06/20', 'yyyy/mm/dd '), 10);
INSERT INTO VENTAS VALUES (101, 2, 6, 10, 12, 16, 1000, TO_DATE('2019/06/21', 'yyyy/mm/dd '), 9);
INSERT INTO VENTAS VALUES (102, 3, 7, 9, 13, 17, 7000, TO_DATE('2019/10/22', 'yyyy/mm/dd '), 8);
INSERT INTO VENTAS VALUES (103, 4, 8, 10, 14, 18, 76000, TO_DATE('2018/04/23', 'yyyy/mm/dd '), 5);
INSERT INTO VENTAS (ID_VENTAS,ID_CLIENTE,ID_ARTICULO,ID_TIENDA,ID_ORDEN,ID_PROVEEDOR,TOTAL,FECHA,CANTIDAD) VALUES (300,62,96,9,140,1006,9965,TO_DATE( '2018/09/07','yyyy/mm/dd '),23);
INSERT INTO VENTAS (ID_VENTAS,ID_CLIENTE,ID_ARTICULO,ID_TIENDA,ID_ORDEN,ID_PROVEEDOR,TOTAL,FECHA,CANTIDAD) VALUES (301,1,75,9,146,1051,15829,TO_DATE('2018/05/23', 'yyyy/mm/dd '),3);
INSERT INTO VENTAS (ID_VENTAS,ID_CLIENTE,ID_ARTICULO,ID_TIENDA,ID_ORDEN,ID_PROVEEDOR,TOTAL,FECHA,CANTIDAD) VALUES (302,68,19,9,135,1009,20023,TO_DATE('2018/09/02', 'yyyy/mm/dd '),27);
INSERT INTO VENTAS (ID_VENTAS,ID_CLIENTE,ID_ARTICULO,ID_TIENDA,ID_ORDEN,ID_PROVEEDOR,TOTAL,FECHA,CANTIDAD) VALUES (303,24,32,9,113,1081,23993,TO_DATE('2018/05/22', 'yyyy/mm/dd '),1);
INSERT INTO VENTAS (ID_VENTAS,ID_CLIENTE,ID_ARTICULO,ID_TIENDA,ID_ORDEN,ID_PROVEEDOR,TOTAL,FECHA,CANTIDAD) VALUES (304,4,57,9,151,1049,25720,TO_DATE('2017/11/10', 'yyyy/mm/dd '),24);
INSERT INTO VENTAS (ID_VENTAS,ID_CLIENTE,ID_ARTICULO,ID_TIENDA,ID_ORDEN,ID_PROVEEDOR,TOTAL,FECHA,CANTIDAD) VALUES (305,66,26,9,137,1036,15785,TO_DATE('2018/04/12', 'yyyy/mm/dd '),3);
INSERT INTO VENTAS (ID_VENTAS,ID_CLIENTE,ID_ARTICULO,ID_TIENDA,ID_ORDEN,ID_PROVEEDOR,TOTAL,FECHA,CANTIDAD) VALUES (306,69,52,10,186,1071,5075,TO_DATE('2017/05/02', 'yyyy/mm/dd '),24);
INSERT INTO VENTAS (ID_VENTAS,ID_CLIENTE,ID_ARTICULO,ID_TIENDA,ID_ORDEN,ID_PROVEEDOR,TOTAL,FECHA,CANTIDAD) VALUES (307,80,23,10,101,1070,29412,TO_DATE('2019/03/02', 'yyyy/mm/dd '),1);
INSERT INTO VENTAS (ID_VENTAS,ID_CLIENTE,ID_ARTICULO,ID_TIENDA,ID_ORDEN,ID_PROVEEDOR,TOTAL,FECHA,CANTIDAD) VALUES (308,93,77,10,162,1047,7357,TO_DATE('2019/01/21', 'yyyy/mm/dd '),4);
INSERT INTO VENTAS (ID_VENTAS,ID_CLIENTE,ID_ARTICULO,ID_TIENDA,ID_ORDEN,ID_PROVEEDOR,TOTAL,FECHA,CANTIDAD) VALUES (309,65,51,10,138,1037,24570,TO_DATE('2018/02/18', 'yyyy/mm/dd '),22);
INSERT INTO VENTAS (ID_VENTAS,ID_CLIENTE,ID_ARTICULO,ID_TIENDA,ID_ORDEN,ID_PROVEEDOR,TOTAL,FECHA,CANTIDAD) VALUES (310,75,100,10,160,1089,21241,TO_DATE('2018/05/31', 'yyyy/mm/dd '),14);
INSERT INTO VENTAS (ID_VENTAS,ID_CLIENTE,ID_ARTICULO,ID_TIENDA,ID_ORDEN,ID_PROVEEDOR,TOTAL,FECHA,CANTIDAD) VALUES (311,21,36,10,138,1048,2235,TO_DATE('2018/10/07', 'yyyy/mm/dd '),21);
INSERT INTO VENTAS (ID_VENTAS,ID_CLIENTE,ID_ARTICULO,ID_TIENDA,ID_ORDEN,ID_PROVEEDOR,TOTAL,FECHA,CANTIDAD) VALUES (312,15,11,9,156,1043,20761,TO_DATE('2017/04/26', 'yyyy/mm/dd '),2);
INSERT INTO VENTAS (ID_VENTAS,ID_CLIENTE,ID_ARTICULO,ID_TIENDA,ID_ORDEN,ID_PROVEEDOR,TOTAL,FECHA,CANTIDAD) VALUES (313,16,16,10,188,1078,12682,TO_DATE('2017/06/15', 'yyyy/mm/dd '),7);
INSERT INTO VENTAS (ID_VENTAS,ID_CLIENTE,ID_ARTICULO,ID_TIENDA,ID_ORDEN,ID_PROVEEDOR,TOTAL,FECHA,CANTIDAD) VALUES (314,25,41,10,123,1021,19531,TO_DATE('2018/05/02', 'yyyy/mm/dd '),4);
INSERT INTO VENTAS (ID_VENTAS,ID_CLIENTE,ID_ARTICULO,ID_TIENDA,ID_ORDEN,ID_PROVEEDOR,TOTAL,FECHA,CANTIDAD) VALUES (315,91,24,10,102,1081,8236,TO_DATE('2019/04/11', 'yyyy/mm/dd '),24);
INSERT INTO VENTAS (ID_VENTAS,ID_CLIENTE,ID_ARTICULO,ID_TIENDA,ID_ORDEN,ID_PROVEEDOR,TOTAL,FECHA,CANTIDAD) VALUES (316,98,50,10,134,1096,23538,TO_DATE('2017/12/25', 'yyyy/mm/dd '),12);
INSERT INTO VENTAS (ID_VENTAS,ID_CLIENTE,ID_ARTICULO,ID_TIENDA,ID_ORDEN,ID_PROVEEDOR,TOTAL,FECHA,CANTIDAD) VALUES (317,89,41,9,162,1069,6027,TO_DATE('2018/10/21', 'yyyy/mm/dd '),27);
INSERT INTO VENTAS (ID_VENTAS,ID_CLIENTE,ID_ARTICULO,ID_TIENDA,ID_ORDEN,ID_PROVEEDOR,TOTAL,FECHA,CANTIDAD) VALUES (318,66,30,9,197,1043,12156,TO_DATE('2017/06/09', 'yyyy/mm/dd '),6);
INSERT INTO VENTAS (ID_VENTAS,ID_CLIENTE,ID_ARTICULO,ID_TIENDA,ID_ORDEN,ID_PROVEEDOR,TOTAL,FECHA,CANTIDAD) VALUES (319,38,54,10,101,1064,22284,TO_DATE('2018/11/27', 'yyyy/mm/dd '),1);
INSERT INTO VENTAS (ID_VENTAS,ID_CLIENTE,ID_ARTICULO,ID_TIENDA,ID_ORDEN,ID_PROVEEDOR,TOTAL,FECHA,CANTIDAD) VALUES (320,40,30,9,132,1033,13122,TO_DATE('2017/10/02', 'yyyy/mm/dd '),19);
INSERT INTO VENTAS (ID_VENTAS,ID_CLIENTE,ID_ARTICULO,ID_TIENDA,ID_ORDEN,ID_PROVEEDOR,TOTAL,FECHA,CANTIDAD) VALUES (321,48,86,10,134,1057,10260,TO_DATE('2018/12/10', 'yyyy/mm/dd '),18);
INSERT INTO VENTAS (ID_VENTAS,ID_CLIENTE,ID_ARTICULO,ID_TIENDA,ID_ORDEN,ID_PROVEEDOR,TOTAL,FECHA,CANTIDAD) VALUES (322,63,79,9,175,1091,27511,TO_DATE'2018/01/15'(, 'yyyy/mm/dd '),17);
INSERT INTO VENTAS (ID_VENTAS,ID_CLIENTE,ID_ARTICULO,ID_TIENDA,ID_ORDEN,ID_PROVEEDOR,TOTAL,FECHA,CANTIDAD) VALUES (323,80,42,10,154,1011,1134,TO_DATE('2018/12/31', 'yyyy/mm/dd '),6);
INSERT INTO VENTAS (ID_VENTAS,ID_CLIENTE,ID_ARTICULO,ID_TIENDA,ID_ORDEN,ID_PROVEEDOR,TOTAL,FECHA,CANTIDAD) VALUES (324,75,95,9,141,1057,9586,TO_DATE('2018/03/07', 'yyyy/mm/dd '),1);
INSERT INTO VENTAS (ID_VENTAS,ID_CLIENTE,ID_ARTICULO,ID_TIENDA,ID_ORDEN,ID_PROVEEDOR,TOTAL,FECHA,CANTIDAD) VALUES (325,13,32,10,180,1098,21117,TO_DATE('2017/07/23', 'yyyy/mm/dd '),11);
INSERT INTO VENTAS (ID_VENTAS,ID_CLIENTE,ID_ARTICULO,ID_TIENDA,ID_ORDEN,ID_PROVEEDOR,TOTAL,FECHA,CANTIDAD) VALUES (326,56,19,9,196,1055,4933,TO_DATE('2018/04/05', 'yyyy/mm/dd '),24);
INSERT INTO VENTAS (ID_VENTAS,ID_CLIENTE,ID_ARTICULO,ID_TIENDA,ID_ORDEN,ID_PROVEEDOR,TOTAL,FECHA,CANTIDAD) VALUES (327,90,28,10,156,1007,1394,TO_DATE('2019/02/19', 'yyyy/mm/dd '),9);
INSERT INTO VENTAS (ID_VENTAS,ID_CLIENTE,ID_ARTICULO,ID_TIENDA,ID_ORDEN,ID_PROVEEDOR,TOTAL,FECHA,CANTIDAD) VALUES (328,72,68,10,201,1097,23743,TO_DATE('2017/11/29', 'yyyy/mm/dd '),7);
INSERT INTO VENTAS (ID_VENTAS,ID_CLIENTE,ID_ARTICULO,ID_TIENDA,ID_ORDEN,ID_PROVEEDOR,TOTAL,FECHA,CANTIDAD) VALUES (329,11,49,10,201,1056,25543,TO_DATE('2019/03/30', 'yyyy/mm/dd '),19);
INSERT INTO VENTAS (ID_VENTAS,ID_CLIENTE,ID_ARTICULO,ID_TIENDA,ID_ORDEN,ID_PROVEEDOR,TOTAL,FECHA,CANTIDAD) VALUES (330,73,18,9,185,1032,8431,TO_DATE('2019/03/06', 'yyyy/mm/dd '),10);
INSERT INTO VENTAS (ID_VENTAS,ID_CLIENTE,ID_ARTICULO,ID_TIENDA,ID_ORDEN,ID_PROVEEDOR,TOTAL,FECHA,CANTIDAD) VALUES (331,37,94,10,140,1025,9803,TO_DATE('2019/02/11', 'yyyy/mm/dd '),2);
INSERT INTO VENTAS (ID_VENTAS,ID_CLIENTE,ID_ARTICULO,ID_TIENDA,ID_ORDEN,ID_PROVEEDOR,TOTAL,FECHA,CANTIDAD) VALUES (332,20,86,9,187,1095,9719,TO_DATE('2018/11/13', 'yyyy/mm/dd '),3);
INSERT INTO VENTAS (ID_VENTAS,ID_CLIENTE,ID_ARTICULO,ID_TIENDA,ID_ORDEN,ID_PROVEEDOR,TOTAL,FECHA,CANTIDAD) VALUES (333,64,60,10,184,1000,8993,TO_DATE('2018/11/17', 'yyyy/mm/dd '),9);
INSERT INTO VENTAS (ID_VENTAS,ID_CLIENTE,ID_ARTICULO,ID_TIENDA,ID_ORDEN,ID_PROVEEDOR,TOTAL,FECHA,CANTIDAD) VALUES (334,73,23,10,170,1012,8308,TO_DATE('2019/01/17', 'yyyy/mm/dd '),8);
INSERT INTO VENTAS (ID_VENTAS,ID_CLIENTE,ID_ARTICULO,ID_TIENDA,ID_ORDEN,ID_PROVEEDOR,TOTAL,FECHA,CANTIDAD) VALUES (335,86,90,10,129,1030,9571,TO_DATE('2019/02/01', 'yyyy/mm/dd '),8);
INSERT INTO VENTAS (ID_VENTAS,ID_CLIENTE,ID_ARTICULO,ID_TIENDA,ID_ORDEN,ID_PROVEEDOR,TOTAL,FECHA,CANTIDAD) VALUES (336,98,11,9,184,1050,8990,TO_DATE('2018/09/24', 'yyyy/mm/dd '),2);
INSERT INTO VENTAS (ID_VENTAS,ID_CLIENTE,ID_ARTICULO,ID_TIENDA,ID_ORDEN,ID_PROVEEDOR,TOTAL,FECHA,CANTIDAD) VALUES (337,30,58,9,158,1004,8484,TO_DATE('2018/11/28', 'yyyy/mm/dd '),2);
INSERT INTO VENTAS (ID_VENTAS,ID_CLIENTE,ID_ARTICULO,ID_TIENDA,ID_ORDEN,ID_PROVEEDOR,TOTAL,FECHA,CANTIDAD) VALUES (338,53,40,10,193,1051,8694,TO_DATE('2018/04/16', 'yyyy/mm/dd '),10);
INSERT INTO VENTAS (ID_VENTAS,ID_CLIENTE,ID_ARTICULO,ID_TIENDA,ID_ORDEN,ID_PROVEEDOR,TOTAL,FECHA,CANTIDAD) VALUES (339,42,54,9,126,1049,9572,TO_DATE('2018/10/21', 'yyyy/mm/dd '),8);
INSERT INTO VENTAS (ID_VENTAS,ID_CLIENTE,ID_ARTICULO,ID_TIENDA,ID_ORDEN,ID_PROVEEDOR,TOTAL,FECHA,CANTIDAD) VALUES (340,5,80,9,120,1022,9007,TO_DATE('2018/08/23', 'yyyy/mm/dd '),10);
INSERT INTO VENTAS (ID_VENTAS,ID_CLIENTE,ID_ARTICULO,ID_TIENDA,ID_ORDEN,ID_PROVEEDOR,TOTAL,FECHA,CANTIDAD) VALUES (341,87,20,10,144,1042,9824,TO_DATE('2018/12/27', 'yyyy/mm/dd '),2);
INSERT INTO VENTAS (ID_VENTAS,ID_CLIENTE,ID_ARTICULO,ID_TIENDA,ID_ORDEN,ID_PROVEEDOR,TOTAL,FECHA,CANTIDAD) VALUES (342,38,83,10,201,1043,9751,TO_DATE('2018/07/12', 'yyyy/mm/dd '),7);
INSERT INTO VENTAS (ID_VENTAS,ID_CLIENTE,ID_ARTICULO,ID_TIENDA,ID_ORDEN,ID_PROVEEDOR,TOTAL,FECHA,CANTIDAD) VALUES (343,22,71,9,106,1039,9190,TO_DATE('2018/05/03', 'yyyy/mm/dd '),1);
INSERT INTO VENTAS (ID_VENTAS,ID_CLIENTE,ID_ARTICULO,ID_TIENDA,ID_ORDEN,ID_PROVEEDOR,TOTAL,FECHA,CANTIDAD) VALUES (344,18,15,10,135,1018,8994,TO_DATE('2018/10/16', 'yyyy/mm/dd '),6);
INSERT INTO VENTAS (ID_VENTAS,ID_CLIENTE,ID_ARTICULO,ID_TIENDA,ID_ORDEN,ID_PROVEEDOR,TOTAL,FECHA,CANTIDAD) VALUES (345,41,34,9,102,1080,8810,TO_DATE('2018/04/28', 'yyyy/mm/dd '),5);
INSERT INTO VENTAS (ID_VENTAS,ID_CLIENTE,ID_ARTICULO,ID_TIENDA,ID_ORDEN,ID_PROVEEDOR,TOTAL,FECHA,CANTIDAD) VALUES (346,97,95,10,200,1087,8399,TO_DATE('2018/06/08', 'yyyy/mm/dd '),5);
INSERT INTO VENTAS (ID_VENTAS,ID_CLIENTE,ID_ARTICULO,ID_TIENDA,ID_ORDEN,ID_PROVEEDOR,TOTAL,FECHA,CANTIDAD) VALUES (347,59,99,10,167,1020,8441,TO_DATE('2019/02/15', 'yyyy/mm/dd '),7);
INSERT INTO VENTAS (ID_VENTAS,ID_CLIENTE,ID_ARTICULO,ID_TIENDA,ID_ORDEN,ID_PROVEEDOR,TOTAL,FECHA,CANTIDAD) VALUES (348,64,72,10,187,1081,9390,TO_DATE('2018/07/14', 'yyyy/mm/dd '),6);
INSERT INTO VENTAS (ID_VENTAS,ID_CLIENTE,ID_ARTICULO,ID_TIENDA,ID_ORDEN,ID_PROVEEDOR,TOTAL,FECHA,CANTIDAD) VALUES (349,8,2,9,144,1059,8721,TO_DATE('2018/08/01', 'yyyy/mm/dd '),6);
INSERT INTO VENTAS (ID_VENTAS,ID_CLIENTE,ID_ARTICULO,ID_TIENDA,ID_ORDEN,ID_PROVEEDOR,TOTAL,FECHA,CANTIDAD) VALUES (350,85,66,10,161,1069,9357,TO_DATE('2018/04/27', 'yyyy/mm/dd '),4);
INSERT INTO VENTAS (ID_VENTAS,ID_CLIENTE,ID_ARTICULO,ID_TIENDA,ID_ORDEN,ID_PROVEEDOR,TOTAL,FECHA,CANTIDAD) VALUES (351,11,34,9,130,1015,8250,TO_DATE('2019/02/15', 'yyyy/mm/dd '),9);
INSERT INTO VENTAS (ID_VENTAS,ID_CLIENTE,ID_ARTICULO,ID_TIENDA,ID_ORDEN,ID_PROVEEDOR,TOTAL,FECHA,CANTIDAD) VALUES (352,79,41,9,125,1062,9994,TO_DATE('2018/07/17', 'yyyy/mm/dd '),6);
INSERT INTO VENTAS (ID_VENTAS,ID_CLIENTE,ID_ARTICULO,ID_TIENDA,ID_ORDEN,ID_PROVEEDOR,TOTAL,FECHA,CANTIDAD) VALUES (353,56,23,10,119,1025,8521,TO_DATE('2019/03/09', 'yyyy/mm/dd '),4);
INSERT INTO VENTAS (ID_VENTAS,ID_CLIENTE,ID_ARTICULO,ID_TIENDA,ID_ORDEN,ID_PROVEEDOR,TOTAL,FECHA,CANTIDAD) VALUES (354,67,79,10,154,1001,8742,TO_DATE('2019/01/07', 'yyyy/mm/dd '),10);
INSERT INTO VENTAS (ID_VENTAS,ID_CLIENTE,ID_ARTICULO,ID_TIENDA,ID_ORDEN,ID_PROVEEDOR,TOTAL,FECHA,CANTIDAD) VALUES (355,94,74,10,167,1072,9681,TO_DATE('2019/03/19', 'yyyy/mm/dd '),3);
INSERT INTO VENTAS (ID_VENTAS,ID_CLIENTE,ID_ARTICULO,ID_TIENDA,ID_ORDEN,ID_PROVEEDOR,TOTAL,FECHA,CANTIDAD) VALUES (356,72,65,10,189,1077,8178,TO_DATE('2018/08/15', 'yyyy/mm/dd '),4);
INSERT INTO VENTAS (ID_VENTAS,ID_CLIENTE,ID_ARTICULO,ID_TIENDA,ID_ORDEN,ID_PROVEEDOR,TOTAL,FECHA,CANTIDAD) VALUES (357,71,57,9,193,1088,8033,TO_DATE('2018/10/07', 'yyyy/mm/dd '),1);
INSERT INTO VENTAS (ID_VENTAS,ID_CLIENTE,ID_ARTICULO,ID_TIENDA,ID_ORDEN,ID_PROVEEDOR,TOTAL,FECHA,CANTIDAD) VALUES (358,22,13,9,108,1082,8875,TO_DATE('2019/02/16', 'yyyy/mm/dd '),10);
INSERT INTO VENTAS (ID_VENTAS,ID_CLIENTE,ID_ARTICULO,ID_TIENDA,ID_ORDEN,ID_PROVEEDOR,TOTAL,FECHA,CANTIDAD) VALUES (359,78,64,10,136,1034,9026,TO_DATE('2018/05/24', 'yyyy/mm/dd '),9);
INSERT INTO VENTAS (ID_VENTAS,ID_CLIENTE,ID_ARTICULO,ID_TIENDA,ID_ORDEN,ID_PROVEEDOR,TOTAL,FECHA,CANTIDAD) VALUES (360,72,90,10,104,1076,8278,TO_DATE('2018/12/16', 'yyyy/mm/dd '),10);
INSERT INTO VENTAS (ID_VENTAS,ID_CLIENTE,ID_ARTICULO,ID_TIENDA,ID_ORDEN,ID_PROVEEDOR,TOTAL,FECHA,CANTIDAD) VALUES (361,32,41,10,156,1038,9946,TO_DATE('2019/03/24', 'yyyy/mm/dd '),6);
INSERT INTO VENTAS (ID_VENTAS,ID_CLIENTE,ID_ARTICULO,ID_TIENDA,ID_ORDEN,ID_PROVEEDOR,TOTAL,FECHA,CANTIDAD) VALUES (362,54,50,10,133,1057,9762,TO_DATE('2019/02/25', 'yyyy/mm/dd '),2);
INSERT INTO VENTAS (ID_VENTAS,ID_CLIENTE,ID_ARTICULO,ID_TIENDA,ID_ORDEN,ID_PROVEEDOR,TOTAL,FECHA,CANTIDAD) VALUES (363,63,57,10,143,1055,8409,TO_DATE(,'2018/12/22' 'yyyy/mm/dd '),5);
INSERT INTO VENTAS (ID_VENTAS,ID_CLIENTE,ID_ARTICULO,ID_TIENDA,ID_ORDEN,ID_PROVEEDOR,TOTAL,FECHA,CANTIDAD) VALUES (364,32,58,9,172,1040,8283,TO_DATE('2019/04/13', 'yyyy/mm/dd '),2);
INSERT INTO VENTAS (ID_VENTAS,ID_CLIENTE,ID_ARTICULO,ID_TIENDA,ID_ORDEN,ID_PROVEEDOR,TOTAL,FECHA,CANTIDAD) VALUES (365,20,80,10,150,1032,9725,TO_DATE('2018/09/24', 'yyyy/mm/dd '),1);
INSERT INTO VENTAS (ID_VENTAS,ID_CLIENTE,ID_ARTICULO,ID_TIENDA,ID_ORDEN,ID_PROVEEDOR,TOTAL,FECHA,CANTIDAD) VALUES (366,96,19,10,153,1062,9439,TO_DATE('2018/07/15', 'yyyy/mm/dd '),9);
INSERT INTO VENTAS (ID_VENTAS,ID_CLIENTE,ID_ARTICULO,ID_TIENDA,ID_ORDEN,ID_PROVEEDOR,TOTAL,FECHA,CANTIDAD) VALUES (367,18,68,10,193,1021,8185,TO_DATE('2018/07/06', 'yyyy/mm/dd '),2);
INSERT INTO VENTAS (ID_VENTAS,ID_CLIENTE,ID_ARTICULO,ID_TIENDA,ID_ORDEN,ID_PROVEEDOR,TOTAL,FECHA,CANTIDAD) VALUES (368,6,75,9,102,1015,9307,TO_DATE('2018/06/16', 'yyyy/mm/dd '),5);
INSERT INTO VENTAS (ID_VENTAS,ID_CLIENTE,ID_ARTICULO,ID_TIENDA,ID_ORDEN,ID_PROVEEDOR,TOTAL,FECHA,CANTIDAD) VALUES (369,83,77,10,129,1032,8820,TO_DATE('2019/01/29', 'yyyy/mm/dd '),6);
INSERT INTO VENTAS (ID_VENTAS,ID_CLIENTE,ID_ARTICULO,ID_TIENDA,ID_ORDEN,ID_PROVEEDOR,TOTAL,FECHA,CANTIDAD) VALUES (370,17,15,10,132,1037,9069,TO_DATE('2019/03/20', 'yyyy/mm/dd '),1);
INSERT INTO VENTAS (ID_VENTAS,ID_CLIENTE,ID_ARTICULO,ID_TIENDA,ID_ORDEN,ID_PROVEEDOR,TOTAL,FECHA,CANTIDAD) VALUES (371,61,57,10,129,1086,8216,TO_DATE('2019/01/22', 'yyyy/mm/dd '),1);
INSERT INTO VENTAS (ID_VENTAS,ID_CLIENTE,ID_ARTICULO,ID_TIENDA,ID_ORDEN,ID_PROVEEDOR,TOTAL,FECHA,CANTIDAD) VALUES (372,74,66,10,185,1078,9515,TO_DATE('2018/12/19', 'yyyy/mm/dd '),6);
INSERT INTO VENTAS (ID_VENTAS,ID_CLIENTE,ID_ARTICULO,ID_TIENDA,ID_ORDEN,ID_PROVEEDOR,TOTAL,FECHA,CANTIDAD) VALUES (373,70,88,10,153,1028,8060,TO_DATE('2018/05/01', 'yyyy/mm/dd '),9);
INSERT INTO VENTAS (ID_VENTAS,ID_CLIENTE,ID_ARTICULO,ID_TIENDA,ID_ORDEN,ID_PROVEEDOR,TOTAL,FECHA,CANTIDAD) VALUES (374,50,12,9,168,1076,9130,TO_DATE('2018/11/10', 'yyyy/mm/dd '),10);
INSERT INTO VENTAS (ID_VENTAS,ID_CLIENTE,ID_ARTICULO,ID_TIENDA,ID_ORDEN,ID_PROVEEDOR,TOTAL,FECHA,CANTIDAD) VALUES (375,68,39,9,123,1088,8859,TO_DATE('2019/01/21', 'yyyy/mm/dd '),1);
INSERT INTO VENTAS (ID_VENTAS,ID_CLIENTE,ID_ARTICULO,ID_TIENDA,ID_ORDEN,ID_PROVEEDOR,TOTAL,FECHA,CANTIDAD) VALUES (376,38,70,10,194,1069,9404,TO_DATE('2018/07/27', 'yyyy/mm/dd '),2);
INSERT INTO VENTAS (ID_VENTAS,ID_CLIENTE,ID_ARTICULO,ID_TIENDA,ID_ORDEN,ID_PROVEEDOR,TOTAL,FECHA,CANTIDAD) VALUES (377,44,45,10,197,1097,8351,TO_DATE('2018/12/26', 'yyyy/mm/dd '),6);
INSERT INTO VENTAS (ID_VENTAS,ID_CLIENTE,ID_ARTICULO,ID_TIENDA,ID_ORDEN,ID_PROVEEDOR,TOTAL,FECHA,CANTIDAD) VALUES (378,62,62,10,160,1098,8980,TO_DATE('2018/07/28', 'yyyy/mm/dd '),5);
INSERT INTO VENTAS (ID_VENTAS,ID_CLIENTE,ID_ARTICULO,ID_TIENDA,ID_ORDEN,ID_PROVEEDOR,TOTAL,FECHA,CANTIDAD) VALUES (379,86,61,9,184,1019,9698,TO_DATE('2018/04/28', 'yyyy/mm/dd '),6);
INSERT INTO VENTAS (ID_VENTAS,ID_CLIENTE,ID_ARTICULO,ID_TIENDA,ID_ORDEN,ID_PROVEEDOR,TOTAL,FECHA,CANTIDAD) VALUES (380,17,6,9,166,1088,9048,TO_DATE('2018/07/17', 'yyyy/mm/dd '),10);
INSERT INTO VENTAS (ID_VENTAS,ID_CLIENTE,ID_ARTICULO,ID_TIENDA,ID_ORDEN,ID_PROVEEDOR,TOTAL,FECHA,CANTIDAD) VALUES (381,86,83,9,111,1028,8490,TO_DATE('2018/07/29', 'yyyy/mm/dd '),6);
INSERT INTO VENTAS (ID_VENTAS,ID_CLIENTE,ID_ARTICULO,ID_TIENDA,ID_ORDEN,ID_PROVEEDOR,TOTAL,FECHA,CANTIDAD) VALUES (382,93,39,10,109,1099,8624,TO_DATE('2018/10/17', 'yyyy/mm/dd '),7);
INSERT INTO VENTAS (ID_VENTAS,ID_CLIENTE,ID_ARTICULO,ID_TIENDA,ID_ORDEN,ID_PROVEEDOR,TOTAL,FECHA,CANTIDAD) VALUES (383,32,48,10,133,1043,8719,TO_DATE('2018/07/08', 'yyyy/mm/dd '),5);
INSERT INTO VENTAS (ID_VENTAS,ID_CLIENTE,ID_ARTICULO,ID_TIENDA,ID_ORDEN,ID_PROVEEDOR,TOTAL,FECHA,CANTIDAD) VALUES (384,3,31,9,123,1041,8868,TO_DATE('2018/11/06', 'yyyy/mm/dd '),1);
INSERT INTO VENTAS (ID_VENTAS,ID_CLIENTE,ID_ARTICULO,ID_TIENDA,ID_ORDEN,ID_PROVEEDOR,TOTAL,FECHA,CANTIDAD) VALUES (385,12,87,9,188,1088,8982,TO_DATE('2018/09/02', 'yyyy/mm/dd '),9);
INSERT INTO VENTAS (ID_VENTAS,ID_CLIENTE,ID_ARTICULO,ID_TIENDA,ID_ORDEN,ID_PROVEEDOR,TOTAL,FECHA,CANTIDAD) VALUES (386,77,58,9,115,1084,9648,TO_DATE('2018/09/12', 'yyyy/mm/dd '),2);
INSERT INTO VENTAS (ID_VENTAS,ID_CLIENTE,ID_ARTICULO,ID_TIENDA,ID_ORDEN,ID_PROVEEDOR,TOTAL,FECHA,CANTIDAD) VALUES (387,15,86,9,167,1058,8137,TO_DATE()'2019/02/02', 'yyyy/mm/dd ',10);
INSERT INTO VENTAS (ID_VENTAS,ID_CLIENTE,ID_ARTICULO,ID_TIENDA,ID_ORDEN,ID_PROVEEDOR,TOTAL,FECHA,CANTIDAD) VALUES (388,96,8,10,106,1009,9114,TO_DATE('2018/05/21', 'yyyy/mm/dd '),4);
INSERT INTO VENTAS (ID_VENTAS,ID_CLIENTE,ID_ARTICULO,ID_TIENDA,ID_ORDEN,ID_PROVEEDOR,TOTAL,FECHA,CANTIDAD) VALUES (389,68,81,10,150,1007,8519,TO_DATE('2018/10/09', 'yyyy/mm/dd '),2);
INSERT INTO VENTAS (ID_VENTAS,ID_CLIENTE,ID_ARTICULO,ID_TIENDA,ID_ORDEN,ID_PROVEEDOR,TOTAL,FECHA,CANTIDAD) VALUES (390,68,81,9,193,1087,9322,TO_DATE('2019/02/12', 'yyyy/mm/dd '),6);
INSERT INTO VENTAS (ID_VENTAS,ID_CLIENTE,ID_ARTICULO,ID_TIENDA,ID_ORDEN,ID_PROVEEDOR,TOTAL,FECHA,CANTIDAD) VALUES (391,18,28,9,182,1071,8316,TO_DATE('2018/08/25', 'yyyy/mm/dd '),1);
INSERT INTO VENTAS (ID_VENTAS,ID_CLIENTE,ID_ARTICULO,ID_TIENDA,ID_ORDEN,ID_PROVEEDOR,TOTAL,FECHA,CANTIDAD) VALUES (392,34,71,10,178,1041,8626,TO_DATE()'2018/11/18', 'yyyy/mm/dd ',9);
INSERT INTO VENTAS (ID_VENTAS,ID_CLIENTE,ID_ARTICULO,ID_TIENDA,ID_ORDEN,ID_PROVEEDOR,TOTAL,FECHA,CANTIDAD) VALUES (393,33,21,10,151,1017,8724,TO_DATE('2018/09/25', 'yyyy/mm/dd '),4);
INSERT INTO VENTAS (ID_VENTAS,ID_CLIENTE,ID_ARTICULO,ID_TIENDA,ID_ORDEN,ID_PROVEEDOR,TOTAL,FECHA,CANTIDAD) VALUES (394,77,57,9,102,1063,9935,TO_DATE('2018/05/27', 'yyyy/mm/dd '),6);
INSERT INTO VENTAS (ID_VENTAS,ID_CLIENTE,ID_ARTICULO,ID_TIENDA,ID_ORDEN,ID_PROVEEDOR,TOTAL,FECHA,CANTIDAD) VALUES (395,59,87,9,180,1007,8072,TO_DATE('2018/10/26', 'yyyy/mm/dd '),8);
INSERT INTO VENTAS (ID_VENTAS,ID_CLIENTE,ID_ARTICULO,ID_TIENDA,ID_ORDEN,ID_PROVEEDOR,TOTAL,FECHA,CANTIDAD) VALUES (396,12,11,10,142,1100,9375,TO_DATE('2019/01/05', 'yyyy/mm/dd '),9);
INSERT INTO VENTAS (ID_VENTAS,ID_CLIENTE,ID_ARTICULO,ID_TIENDA,ID_ORDEN,ID_PROVEEDOR,TOTAL,FECHA,CANTIDAD) VALUES (397,1,38,9,159,1050,9142,TO_DATE('2019/03/11', 'yyyy/mm/dd '),6);
INSERT INTO VENTAS (ID_VENTAS,ID_CLIENTE,ID_ARTICULO,ID_TIENDA,ID_ORDEN,ID_PROVEEDOR,TOTAL,FECHA,CANTIDAD) VALUES (398,98,33,10,139,1095,9006,TO_DATE('2019/03/30', 'yyyy/mm/dd '),8);
INSERT INTO VENTAS (ID_VENTAS,ID_CLIENTE,ID_ARTICULO,ID_TIENDA,ID_ORDEN,ID_PROVEEDOR,TOTAL,FECHA,CANTIDAD) VALUES (399,16,41,9,132,1041,8312,TO_DATE('2018/07/20', 'yyyy/mm/dd '),8);
INSERT INTO VENTAS (ID_VENTAS,ID_CLIENTE,ID_ARTICULO,ID_TIENDA,ID_ORDEN,ID_PROVEEDOR,TOTAL,FECHA,CANTIDAD) VALUES (400,4,69,9,119,1084,8119,TO_DATE('2018/09/16', 'yyyy/mm/dd '),7);

SELECT COUNT(*) FROM VENTAS WHERE ID_TIENDA = 9;

COMMIT;
